symbol,code,tv_symbol,tv_exchange,tv_code,yahoo_symbol,description,sector,type,subtype,exchange
ZETRIX.KL,ZETRIX,MYX:ZETRIX,MYX,ZETRIX,ZETRIX.KL,Zetrix AI Bhd,Technology Services,stock,common,MYX
SDG.KL,SDG,MYX:SDG,MYX,SDG,SDG.KL,SD Guthrie Bhd,Process Industries,stock,common,MYX
RHBBANK.KL,RHBBANK,MYX:RHBBANK,MYX,RHBBANK,RHBBANK.KL,RHB Bank Bhd.,Finance,stock,common,MYX
MAYBANK.KL,MAYBANK,MYX:MAYBANK,MYX,MAYBANK,MAYBANK.KL,Malayan Banking Bhd.,Finance,stock,common,MYX
PBBANK.KL,PBBANK,MYX:PBBANK,MYX,PBBANK,PBBANK.KL,Public Bank Bhd,Finance,stock,common,MYX
BURSA.KL,BURSA,MYX:BURSA,MYX,BURSA,BURSA.KL,Bursa Malaysia Bhd.,Finance,stock,common,MYX
VITROX.KL,VITROX,MYX:VITROX,MYX,VITROX,VITROX.KL,Vitrox Corp. Bhd.,Electronic Technology,stock,common,MYX
YTLPOWR.KL,YTLPOWR,MYX:YTLPOWR,MYX,YTLPOWR,YTLPOWR.KL,YTL Power International Bhd.,Utilities,stock,common,MYX
CIMB.KL,CIMB,MYX:CIMB,MYX,CIMB,CIMB.KL,CIMB Group Holdings Bhd,Finance,stock,common,MYX
TENAGA.KL,TENAGA,MYX:TENAGA,MYX,TENAGA,TENAGA.KL,Tenaga Nasional Bhd,Utilities,stock,common,MYX
INARI.KL,INARI,MYX:INARI,MYX,INARI,INARI.KL,Inari Amertron Berhad,Electronic Technology,stock,common,MYX
GAMUDA.KL,GAMUDA,MYX:GAMUDA,MYX,GAMUDA,GAMUDA.KL,Gamuda Bhd.,Industrial Services,stock,common,MYX
YTL.KL,YTL,MYX:YTL,MYX,YTL,YTL.KL,YTL Corp Bhd.,Utilities,stock,common,MYX
KGB.KL,KGB,MYX:KGB,MYX,KGB,KGB.KL,Kelington Group Bhd.,Industrial Services,stock,common,MYX
NATGATE.KL,NATGATE,MYX:NATGATE,MYX,NATGATE,NATGATE.KL,Nationgate Holdings Berhad,Electronic Technology,stock,common,MYX
MI.KL,MI,MYX:MI,MYX,MI,MI.KL,Mi Technovation Bhd.,Producer Manufacturing,stock,common,MYX
NOTION.KL,NOTION,MYX:NOTION,MYX,NOTION,NOTION.KL,Notion VTec Bhd.,Producer Manufacturing,stock,common,MYX
TM.KL,TM,MYX:TM,MYX,TM,TM.KL,Telekom Malaysia Bhd.,Communications,stock,common,MYX
CARLSBG.KL,CARLSBG,MYX:CARLSBG,MYX,CARLSBG,CARLSBG.KL,Carlsberg Brewery Malaysia Bhd.,Consumer Non-Durables,stock,common,MYX
FRONTKN.KL,FRONTKN,MYX:FRONTKN,MYX,FRONTKN,FRONTKN.KL,Frontken Corp. Bhd.,Electronic Technology,stock,common,MYX
PMETAL.KL,PMETAL,MYX:PMETAL,MYX,PMETAL,PMETAL.KL,Press Metal Aluminium Holdings Berhad,Producer Manufacturing,stock,common,MYX
UWC.KL,UWC,MYX:UWC,MYX,UWC,UWC.KL,UWC Bhd.,Producer Manufacturing,stock,common,MYX
AMBANK.KL,AMBANK,MYX:AMBANK,MYX,AMBANK,AMBANK.KL,AMMB Holdings Bhd.,Finance,stock,common,MYX
UTDPLT.KL,UTDPLT,MYX:UTDPLT,MYX,UTDPLT,UTDPLT.KL,United Plantations Bhd.,Process Industries,stock,common,MYX
KPJ.KL,KPJ,MYX:KPJ,MYX,KPJ,KPJ.KL,KPJ Healthcare Bhd.,Health Services,stock,common,MYX
JCY.KL,JCY,MYX:JCY,MYX,JCY,JCY.KL,JCY International Bhd.,Electronic Technology,stock,common,MYX
MEGAFB.KL,MEGAFB,MYX:MEGAFB,MYX,MEGAFB,MEGAFB.KL,Mega Fortris Berhad,Producer Manufacturing,stock,common,MYX
DNEX.KL,DNEX,MYX:DNEX,MYX,DNEX,DNEX.KL,Dagang NeXchange Berhad,Technology Services,stock,common,MYX
SCGBHD.KL,SCGBHD,MYX:SCGBHD,MYX,SCGBHD,SCGBHD.KL,Southern Cable Group Bhd.,Producer Manufacturing,stock,common,MYX
CGB.KL,CGB,MYX:CGB,MYX,CGB,CGB.KL,Central Global Bhd,Consumer Durables,stock,common,MYX
IHH.KL,IHH,MYX:IHH,MYX,IHH,IHH.KL,IHH Healthcare Bhd.,Health Services,stock,common,MYX
HEIM.KL,HEIM,MYX:HEIM,MYX,HEIM,HEIM.KL,Heineken Malaysia Bhd.,Consumer Non-Durables,stock,common,MYX
KLK.KL,KLK,MYX:KLK,MYX,KLK,KLK.KL,Kuala Lumpur Kepong Bhd.,Process Industries,stock,common,MYX
SIME.KL,SIME,MYX:SIME,MYX,SIME,SIME.KL,Sime Darby Bhd.,Distribution Services,stock,common,MYX
SUNMED.KL,SUNMED,MYX:SUNMED,MYX,SUNMED,SUNMED.KL,Sunway Healthcare Holdings Berhad,Health Services,stock,common,MYX
HENGYUAN.KL,HENGYUAN,MYX:HENGYUAN,MYX,HENGYUAN,HENGYUAN.KL,Hengyuan Refining Company Bhd,Energy Minerals,stock,common,MYX
SUNCON.KL,SUNCON,MYX:SUNCON,MYX,SUNCON,SUNCON.KL,Sunway Construction Group Bhd.,Industrial Services,stock,common,MYX
IJM.KL,IJM,MYX:IJM,MYX,IJM,IJM.KL,IJM Corporation Berhad,Industrial Services,stock,common,MYX
MNHLDG.KL,MNHLDG,MYX:MNHLDG,MYX,MNHLDG,MNHLDG.KL,MN Holdings Bhd.,Industrial Services,stock,common,MYX
GREATEC.KL,GREATEC,MYX:GREATEC,MYX,GREATEC,GREATEC.KL,Greatech Technology Bhd.,Producer Manufacturing,stock,common,MYX
PCHEM.KL,PCHEM,MYX:PCHEM,MYX,PCHEM,PCHEM.KL,PETRONAS Chemicals Group Bhd.,Process Industries,stock,common,MYX
IOICORP.KL,IOICORP,MYX:IOICORP,MYX,IOICORP,IOICORP.KL,IOI Corporation Berhad,Process Industries,stock,common,MYX
MISC.KL,MISC,MYX:MISC,MYX,MISC,MISC.KL,MISC Bhd,Transportation,stock,common,MYX
CBHB.KL,CBHB,MYX:CBHB,MYX,CBHB,CBHB.KL,CBH Engineering Holding Berhad,Utilities,stock,common,MYX
SALUTE.KL,SALUTE,MYX:SALUTE,MYX,SALUTE,SALUTE.KL,Salutica Bhd.,Electronic Technology,stock,common,MYX
GIIB.KL,GIIB,MYX:GIIB,MYX,GIIB,GIIB.KL,GIIB Holdings Bhd,Producer Manufacturing,stock,common,MYX
AAGB.KL,AAGB,MYX:AAGB,MYX,AAGB,AAGB.KL,AirAsia Group Bhd.,Transportation,stock,common,MYX
ITMAX.KL,ITMAX,MYX:ITMAX,MYX,ITMAX,ITMAX.KL,Itmax System Bhd,Commercial Services,stock,common,MYX
HEXTAR.KL,HEXTAR,MYX:HEXTAR,MYX,HEXTAR,HEXTAR.KL,Hextar Global Bhd.,Process Industries,stock,common,MYX
GCB.KL,GCB,MYX:GCB,MYX,GCB,GCB.KL,Guan Chong Bhd.,Consumer Non-Durables,stock,common,MYX
MTTSL.KL,MTTSL,MYX:MTTSL,MYX,MTTSL,MTTSL.KL,MTT Shipping & Logistics Bhd.,Transportation,stock,common,MYX
99SMART.KL,99SMART,MYX:99SMART,MYX,99SMART,99SMART.KL,99 Speed Mart Retail Holdings Bhd,Retail Trade,stock,common,MYX
UNISEM.KL,UNISEM,MYX:UNISEM,MYX,UNISEM,UNISEM.KL,Unisem (M) Bhd.,Electronic Technology,stock,common,MYX
SKYECHIP.KL,SKYECHIP,MYX:SKYECHIP,MYX,SKYECHIP,SKYECHIP.KL,Skyechip Berhad,Electronic Technology,stock,common,MYX
PENTA.KL,PENTA,MYX:PENTA,MYX,PENTA,PENTA.KL,Pentamaster Corp. Bhd.,Producer Manufacturing,stock,common,MYX
MFCB.KL,MFCB,MYX:MFCB,MYX,MFCB,MFCB.KL,Mega First Corp. Bhd.,Utilities,stock,common,MYX
XL.KL,XL,MYX:XL,MYX,XL,XL.KL,XL Holdings Bhd,Process Industries,stock,common,MYX
WPRTS.KL,WPRTS,MYX:WPRTS,MYX,WPRTS,WPRTS.KL,Westports Holdings Bhd.,Transportation,stock,common,MYX
SUNWAY.KL,SUNWAY,MYX:SUNWAY,MYX,SUNWAY,SUNWAY.KL,Sunway Bhd.,Industrial Services,stock,common,MYX
EG.KL,EG,MYX:EG,MYX,EG,EG.KL,EG Industries Bhd.,Consumer Durables,stock,common,MYX
TIMECOM.KL,TIMECOM,MYX:TIMECOM,MYX,TIMECOM,TIMECOM.KL,TIME dotCom Bhd.,Technology Services,stock,common,MYX
CHB.KL,CHB,MYX:CHB,MYX,CHB,CHB.KL,Critical Holdings Bhd.,Industrial Services,stock,common,MYX
MRDIY.KL,MRDIY,MYX:MRDIY,MYX,MRDIY,MRDIY.KL,MR. D.I.Y. Group (M) Bhd.,Distribution Services,stock,common,MYX
NIHSIN.KL,NIHSIN,MYX:NIHSIN,MYX,NIHSIN,NIHSIN.KL,Ni Hsin Group Bhd,Consumer Durables,stock,common,MYX
MALAKOF.KL,MALAKOF,MYX:MALAKOF,MYX,MALAKOF,MALAKOF.KL,Malakoff Corporation Bhd,Utilities,stock,common,MYX
STRATUS.KL,STRATUS,MYX:STRATUS,MYX,STRATUS,STRATUS.KL,Stratus Global Holdings Bhd.,Miscellaneous,stock,common,MYX
TSH.KL,TSH,MYX:TSH,MYX,TSH,TSH.KL,TSH Resources Bhd.,Non-Energy Minerals,stock,common,MYX
KERJAYA.KL,KERJAYA,MYX:KERJAYA,MYX,KERJAYA,KERJAYA.KL,Kerjaya Prospek Group Berhad,Industrial Services,stock,common,MYX
CAPITALA.KL,CAPITALA,MYX:CAPITALA,MYX,CAPITALA,CAPITALA.KL,Capital A Berhad,Transportation,stock,common,MYX
RANHILL.KL,RANHILL,MYX:RANHILL,MYX,RANHILL,RANHILL.KL,Ranhill Utilities Bhd.,Utilities,stock,common,MYX
DIALOG.KL,DIALOG,MYX:DIALOG,MYX,DIALOG,DIALOG.KL,Dialog Group Bhd.,Industrial Services,stock,common,MYX
ELRIDGE.KL,ELRIDGE,MYX:ELRIDGE,MYX,ELRIDGE,ELRIDGE.KL,Elridge Energy Holdings Berhad,Process Industries,stock,common,MYX
TANCO.KL,TANCO,MYX:TANCO,MYX,TANCO,TANCO.KL,Tanco Holdings Bhd.,Finance,stock,common,MYX
JPG.KL,JPG,MYX:JPG,MYX,JPG,JPG.KL,Johor Plantations Group Bhd,Process Industries,stock,common,MYX
DUFU.KL,DUFU,MYX:DUFU,MYX,DUFU,DUFU.KL,Dufu Technology Corp. Bhd.,Electronic Technology,stock,common,MYX
MCEMENT.KL,MCEMENT,MYX:MCEMENT,MYX,MCEMENT,MCEMENT.KL,Malayan Cement Bhd,Non-Energy Minerals,stock,common,MYX
ECOWLD.KL,ECOWLD,MYX:ECOWLD,MYX,ECOWLD,ECOWLD.KL,Eco World Development Group Bhd.,Finance,stock,common,MYX
PETDAG.KL,PETDAG,MYX:PETDAG,MYX,PETDAG,PETDAG.KL,Petronas Dagangan Bhd.,Distribution Services,stock,common,MYX
HIBISCS.KL,HIBISCS,MYX:HIBISCS,MYX,HIBISCS,HIBISCS.KL,Hibiscus Petroleum Bhd.,Energy Minerals,stock,common,MYX
FFB.KL,FFB,MYX:FFB,MYX,FFB,FFB.KL,Farm Fresh Bhd.,Consumer Non-Durables,stock,common,MYX
PETGAS.KL,PETGAS,MYX:PETGAS,MYX,PETGAS,PETGAS.KL,Petronas Gas Bhd.,Utilities,stock,common,MYX
RAMSSOL.KL,RAMSSOL,MYX:RAMSSOL,MYX,RAMSSOL,RAMSSOL.KL,Ramssol Group Bhd.,Technology Services,stock,common,MYX
OPPSTAR.KL,OPPSTAR,MYX:OPPSTAR,MYX,OPPSTAR,OPPSTAR.KL,Oppstar Berhad,Electronic Technology,stock,common,MYX
YEWLEE.KL,YEWLEE,MYX:YEWLEE,MYX,YEWLEE,YEWLEE.KL,Yew Lee Pacific Group Bhd.,Producer Manufacturing,stock,common,MYX
TOPGLOV.KL,TOPGLOV,MYX:TOPGLOV,MYX,TOPGLOV,TOPGLOV.KL,Top Glove Corporation Bhd.,Health Technology,stock,common,MYX
KINERGY.KL,KINERGY,MYX:KINERGY,MYX,KINERGY,KINERGY.KL,Kinergy Advancement Bhd,Industrial Services,stock,common,MYX
NEXG.KL,NEXG,MYX:NEXG,MYX,NEXG,NEXG.KL,NEXG Bhd,Electronic Technology,stock,common,MYX
CDB.KL,CDB,MYX:CDB,MYX,CDB,CDB.KL,CelcomDigi Berhad,Communications,stock,common,MYX
KLCC.KL,KLCC,MYX:KLCC,MYX,KLCC,KLCC.KL,KLCC Property Holdings Bhd.,Finance,stock,common,MYX
M&G.KL,M&G,MYX:M&G,MYX,M&G,M&G.KL,Marine & General Bhd,Industrial Services,stock,common,MYX
PADINI.KL,PADINI,MYX:PADINI,MYX,PADINI,PADINI.KL,Padini Holdings Bhd.,Retail Trade,stock,common,MYX
CUSCAPI.KL,CUSCAPI,MYX:CUSCAPI,MYX,CUSCAPI,CUSCAPI.KL,Cuscapi Bhd.,Commercial Services,stock,common,MYX
JTIASA.KL,JTIASA,MYX:JTIASA,MYX,JTIASA,JTIASA.KL,Jaya Tiasa Holdings Bhd.,Non-Energy Minerals,stock,common,MYX
HEXRTL.KL,HEXRTL,MYX:HEXRTL,MYX,HEXRTL,HEXRTL.KL,Hextar Retail Bhd,Consumer Durables,stock,common,MYX
MPI.KL,MPI,MYX:MPI,MYX,MPI,MPI.KL,Malaysian Pacific Industries Bhd.,Electronic Technology,stock,common,MYX
SDCG.KL,SDCG,MYX:SDCG,MYX,SDCG,SDCG.KL,Solar District Cooling Group Bhd.,Industrial Services,stock,common,MYX
AXIATA.KL,AXIATA,MYX:AXIATA,MYX,AXIATA,AXIATA.KL,Axiata Group Bhd.,Communications,stock,common,MYX
PAVREIT.KL,PAVREIT,MYX:PAVREIT,MYX,PAVREIT,PAVREIT.KL,Pavilion Real Estate Investment Trust,Finance,stock,common,MYX
SIMEPROP.KL,SIMEPROP,MYX:SIMEPROP,MYX,SIMEPROP,SIMEPROP.KL,Sime Darby Property Bhd.,Finance,stock,common,MYX
SNS.KL,SNS,MYX:SNS,MYX,SNS,SNS.KL,SNS Network Technology Bhd.,Technology Services,stock,common,MYX
HHRG.KL,HHRG,MYX:HHRG,MYX,HHRG,HHRG.KL,HHRG BERHAD,Non-Energy Minerals,stock,common,MYX
NESTLE.KL,NESTLE,MYX:NESTLE,MYX,NESTLE,NESTLE.KL,Nestle (Malaysia) Bhd.,Consumer Non-Durables,stock,common,MYX
MAHSING.KL,MAHSING,MYX:MAHSING,MYX,MAHSING,MAHSING.KL,Mah Sing Group Bhd.,Finance,stock,common,MYX
GENETEC.KL,GENETEC,MYX:GENETEC,MYX,GENETEC,GENETEC.KL,Genetec Technology Bhd.,Producer Manufacturing,stock,common,MYX
HLBANK.KL,HLBANK,MYX:HLBANK,MYX,HLBANK,HLBANK.KL,Hong Leong Bank Bhd,Finance,stock,common,MYX
EIPOWER.KL,EIPOWER,MYX:EIPOWER,MYX,EIPOWER,EIPOWER.KL,EI Power Berhad,Industrial Services,stock,common,MYX
ECOMATE.KL,ECOMATE,MYX:ECOMATE,MYX,ECOMATE,ECOMATE.KL,Ecomate Holdings Bhd.,Consumer Durables,stock,common,MYX
QL.KL,QL,MYX:QL,MYX,QL,QL.KL,QL Resources Bhd.,Consumer Non-Durables,stock,common,MYX
BJCORP.KL,BJCORP,MYX:BJCORP,MYX,BJCORP,BJCORP.KL,Berjaya Corp. Bhd.,Consumer Services,stock,common,MYX
YINSON.KL,YINSON,MYX:YINSON,MYX,YINSON,YINSON.KL,Yinson Holdings Bhd.,Producer Manufacturing,stock,common,MYX
GENTING.KL,GENTING,MYX:GENTING,MYX,GENTING,GENTING.KL,Genting Bhd.,Consumer Services,stock,common,MYX
RL.KL,RL,MYX:RL,MYX,RL,RL.KL,Reservoir Link Energy Bhd,Industrial Services,stock,common,MYX
ARMADA.KL,ARMADA,MYX:ARMADA,MYX,ARMADA,ARMADA.KL,Bumi Armada Bhd.,Industrial Services,stock,common,MYX
MAXIS.KL,MAXIS,MYX:MAXIS,MYX,MAXIS,MAXIS.KL,Maxis Bhd.,Communications,stock,common,MYX
IGBREIT.KL,IGBREIT,MYX:IGBREIT,MYX,IGBREIT,IGBREIT.KL,IGB Real Estate Investment Trust,Finance,stock,common,MYX
VSTECS.KL,VSTECS,MYX:VSTECS,MYX,VSTECS,VSTECS.KL,VSTECS Bhd.,Technology Services,stock,common,MYX
ICENTS.KL,ICENTS,MYX:ICENTS,MYX,ICENTS,ICENTS.KL,Icents Group Holdings Berhad,Commercial Services,stock,common,MYX
ECOSHOP.KL,ECOSHOP,MYX:ECOSHOP,MYX,ECOSHOP,ECOSHOP.KL,Eco-Shop Marketing Berhad,Retail Trade,stock,common,MYX
AQUAWALK.KL,AQUAWALK,MYX:AQUAWALK,MYX,AQUAWALK,AQUAWALK.KL,Aquawalk Group Bhd.,Consumer Services,stock,common,MYX
SKYGATE.KL,SKYGATE,MYX:SKYGATE,MYX,SKYGATE,SKYGATE.KL,Skygate Solutions Bhd,Finance,stock,common,MYX
ABMB.KL,ABMB,MYX:ABMB,MYX,ABMB,ABMB.KL,Alliance Bank Malaysia Bhd.,Finance,stock,common,MYX
DXN.KL,DXN,MYX:DXN,MYX,DXN,DXN.KL,DXN Holdings Bhd,Health Technology,stock,common,MYX
HARTA.KL,HARTA,MYX:HARTA,MYX,HARTA,HARTA.KL,Hartalega Holdings Bhd.,Producer Manufacturing,stock,common,MYX
SUPERMX.KL,SUPERMX,MYX:SUPERMX,MYX,SUPERMX,SUPERMX.KL,Supermax Corp. Bhd.,Distribution Services,stock,common,MYX
NGGB.KL,NGGB,MYX:NGGB,MYX,NGGB,NGGB.KL,Nextgreen Global Bhd,Finance,stock,common,MYX
PENTECH.KL,PENTECH,MYX:PENTECH,MYX,PENTECH,PENTECH.KL,Pentech Holdings Berhad,Technology Services,stock,common,MYX
IOIPG.KL,IOIPG,MYX:IOIPG,MYX,IOIPG,IOIPG.KL,IOI Properties Group Bhd.,Finance,stock,common,MYX
PJBUMI.KL,PJBUMI,MYX:PJBUMI,MYX,PJBUMI,PJBUMI.KL,PJBUMI BERHAD,Finance,stock,common,MYX
VLB.KL,VLB,MYX:VLB,MYX,VLB,VLB.KL,Vestland Bhd,Industrial Services,stock,common,MYX
JAG.KL,JAG,MYX:JAG,MYX,JAG,JAG.KL,JAG Berhad,Industrial Services,stock,common,MYX
KEEMING.KL,KEEMING,MYX:KEEMING,MYX,KEEMING,KEEMING.KL,Kee Ming Group Berhad,Industrial Services,stock,common,MYX
SUNREIT.KL,SUNREIT,MYX:SUNREIT,MYX,SUNREIT,SUNREIT.KL,Sunway Real Estate Investment Trust,Finance,stock,common,MYX
CYPARK.KL,CYPARK,MYX:CYPARK,MYX,CYPARK,CYPARK.KL,Cypark Resources Bhd.,Utilities,stock,common,MYX
KOSSAN.KL,KOSSAN,MYX:KOSSAN,MYX,KOSSAN,KOSSAN.KL,Kossan Rubber Industries Bhd.,Producer Manufacturing,stock,common,MYX
VS.KL,VS,MYX:VS,MYX,VS,VS.KL,V.S. Industry Bhd.,Producer Manufacturing,stock,common,MYX
THMY.KL,THMY,MYX:THMY,MYX,THMY,THMY.KL,THMY Holdings Berhad,Industrial Services,stock,common,MYX
EMPIRE.KL,EMPIRE,MYX:EMPIRE,MYX,EMPIRE,EMPIRE.KL,Empire Premium Food Bhd.,Consumer Services,stock,common,MYX
MATRIX.KL,MATRIX,MYX:MATRIX,MYX,MATRIX,MATRIX.KL,Matrix Concepts Holdings Bhd.,Finance,stock,common,MYX
FSBM.KL,FSBM,MYX:FSBM,MYX,FSBM,FSBM.KL,FSBM Holdings Bhd.,Technology Services,stock,common,MYX
SFPTECH.KL,SFPTECH,MYX:SFPTECH,MYX,SFPTECH,SFPTECH.KL,SFP Tech Holdings Bhd,Industrial Services,stock,common,MYX
INGENIEU.KL,INGENIEU,MYX:INGENIEU,MYX,INGENIEU,INGENIEU.KL,Ingenieur Gudang Bhd,Industrial Services,stock,common,MYX
SLVEST.KL,SLVEST,MYX:SLVEST,MYX,SLVEST,SLVEST.KL,Solarvest Holdings Bhd,Industrial Services,stock,common,MYX
HEGROUP.KL,HEGROUP,MYX:HEGROUP,MYX,HEGROUP,HEGROUP.KL,HE Group Bhd,Producer Manufacturing,stock,common,MYX
GENM.KL,GENM,MYX:GENM,MYX,GENM,GENM.KL,Genting Malaysia Bhd.,Consumer Services,stock,common,MYX
CPETECH.KL,CPETECH,MYX:CPETECH,MYX,CPETECH,CPETECH.KL,CPE Technology Bhd,Producer Manufacturing,stock,common,MYX
SCIENTX.KL,SCIENTX,MYX:SCIENTX,MYX,SCIENTX,SCIENTX.KL,Scientex Bhd.,Process Industries,stock,common,MYX
D&O.KL,D&O,MYX:D&O,MYX,D&O,D&O.KL,D&O Green Technologies Bhd.,Electronic Technology,stock,common,MYX
VELESTO.KL,VELESTO,MYX:VELESTO,MYX,VELESTO,VELESTO.KL,Velesto Energy Bhd.,Industrial Services,stock,common,MYX
IAB.KL,IAB,MYX:IAB,MYX,IAB,IAB.KL,Insights Analytics Berhad,Technology Services,stock,common,MYX
TAANN.KL,TAANN,MYX:TAANN,MYX,TAANN,TAANN.KL,Ta Ann Holdings Bhd.,Non-Energy Minerals,stock,common,MYX
ENPRO.KL,ENPRO,MYX:ENPRO,MYX,ENPRO,ENPRO.KL,Enproserve Group Bhd.,Consumer Services,stock,common,MYX
KOPI.KL,KOPI,MYX:KOPI,MYX,KOPI,KOPI.KL,Oriental Kopi Holdings Bhd.,Consumer Services,stock,common,MYX
PWRWELL.KL,PWRWELL,MYX:PWRWELL,MYX,PWRWELL,PWRWELL.KL,Powerwell Holdings Bhd.,Producer Manufacturing,stock,common,MYX
AMBEST.KL,AMBEST,MYX:AMBEST,MYX,AMBEST,AMBEST.KL,Ambest Group Berhad,Producer Manufacturing,stock,common,MYX
LWSABAH.KL,LWSABAH,MYX:LWSABAH,MYX,LWSABAH,LWSABAH.KL,Life Water Bhd.,Consumer Non-Durables,stock,common,MYX
NE.KL,NE,MYX:NE,MYX,NE,NE.KL,Northeast Group Bhd,Producer Manufacturing,stock,common,MYX
SPRITZER.KL,SPRITZER,MYX:SPRITZER,MYX,SPRITZER,SPRITZER.KL,Spritzer Bhd.,Consumer Non-Durables,stock,common,MYX
AXREIT.KL,AXREIT,MYX:AXREIT,MYX,AXREIT,AXREIT.KL,Axis Real Estate Investment Trust,Finance,stock,common,MYX
PECCA.KL,PECCA,MYX:PECCA,MYX,PECCA,PECCA.KL,Pecca Group Bhd.,Process Industries,stock,common,MYX
MSC.KL,MSC,MYX:MSC,MYX,MSC,MSC.KL,Malaysia Smelting Corp. Bhd.,Producer Manufacturing,stock,common,MYX
MNRB.KL,MNRB,MYX:MNRB,MYX,MNRB,MNRB.KL,MNRB Holdings Bhd.,Finance,stock,common,MYX
OSK.KL,OSK,MYX:OSK,MYX,OSK,OSK.KL,OSK Holdings Bhd.,Finance,stock,common,MYX
MFLOUR.KL,MFLOUR,MYX:MFLOUR,MYX,MFLOUR,MFLOUR.KL,Malayan Flour Mills Bhd.,Process Industries,stock,common,MYX
SUNVIEW.KL,SUNVIEW,MYX:SUNVIEW,MYX,SUNVIEW,SUNVIEW.KL,Sunview Group Bhd,Industrial Services,stock,common,MYX
F&N.KL,F&N,MYX:F&N,MYX,F&N,F&N.KL,Fraser & Neave Holdings Bhd.,Consumer Non-Durables,stock,common,MYX
WASCO.KL,WASCO,MYX:WASCO,MYX,WASCO,WASCO.KL,Wasco Berhad,Non-Energy Minerals,stock,common,MYX
XPB.KL,XPB,MYX:XPB,MYX,XPB,XPB.KL,Express Powerr Solutions (M) Berhad,Miscellaneous,stock,common,MYX
AIMFLEX.KL,AIMFLEX,MYX:AIMFLEX,MYX,AIMFLEX,AIMFLEX.KL,Aimflex Bhd.,Technology Services,stock,common,MYX
CORAZA.KL,CORAZA,MYX:CORAZA,MYX,CORAZA,CORAZA.KL,Coraza Integrated Technology Bhd,Producer Manufacturing,stock,common,MYX
SUNLOGY.KL,SUNLOGY,MYX:SUNLOGY,MYX,SUNLOGY,SUNLOGY.KL,ES Sunlogy Berhad,Industrial Services,stock,common,MYX
RCECAP.KL,RCECAP,MYX:RCECAP,MYX,RCECAP,RCECAP.KL,RCE Capital Bhd.,Finance,stock,common,MYX
PA.KL,PA,MYX:PA,MYX,PA,PA.KL,P.A. Resources Berhad,Non-Energy Minerals,stock,common,MYX
ASTEEL.KL,ASTEEL,MYX:ASTEEL,MYX,ASTEEL,ASTEEL.KL,ASTEEL Group Bhd,Producer Manufacturing,stock,common,MYX
QES.KL,QES,MYX:QES,MYX,QES,QES.KL,Qes Group Bhd,Electronic Technology,stock,common,MYX
SSB8.KL,SSB8,MYX:SSB8,MYX,SSB8,SSB8.KL,Southern Score Builders Bhd.,Technology Services,stock,common,MYX
PEKAT.KL,PEKAT,MYX:PEKAT,MYX,PEKAT,PEKAT.KL,Pekat Group Bhd,Producer Manufacturing,stock,common,MYX
GASMSIA.KL,GASMSIA,MYX:GASMSIA,MYX,GASMSIA,GASMSIA.KL,Gas Malaysia Bhd.,Utilities,stock,common,MYX
UEMS.KL,UEMS,MYX:UEMS,MYX,UEMS,UEMS.KL,UEM Sunrise Bhd.,Finance,stock,common,MYX
CLOUDPT.KL,CLOUDPT,MYX:CLOUDPT,MYX,CLOUDPT,CLOUDPT.KL,Cloudpoint Technology Bhd,Technology Services,stock,common,MYX
AJI.KL,AJI,MYX:AJI,MYX,AJI,AJI.KL,Ajinomoto (Malaysia) Bhd.,Consumer Non-Durables,stock,common,MYX
SKPRES.KL,SKPRES,MYX:SKPRES,MYX,SKPRES,SKPRES.KL,SKP Resources Bhd.,Producer Manufacturing,stock,common,MYX
ISF.KL,ISF,MYX:ISF,MYX,ISF,ISF.KL,ISF Group Berhad,Distribution Services,stock,common,MYX
SOP.KL,SOP,MYX:SOP,MYX,SOP,SOP.KL,Sarawak Oil Palms Bhd.,Process Industries,stock,common,MYX
SUM.KL,SUM,MYX:SUM,MYX,SUM,SUM.KL,Sum Technology Berhad,Industrial Services,stock,common,MYX
TIMWELL.KL,TIMWELL,MYX:TIMWELL,MYX,TIMWELL,TIMWELL.KL,Timberwell Bhd.,Non-Energy Minerals,stock,common,MYX
SENTRAL.KL,SENTRAL,MYX:SENTRAL,MYX,SENTRAL,SENTRAL.KL,SENTRAL REIT,Finance,stock,common,MYX
OXB.KL,OXB,MYX:OXB,MYX,OXB,OXB.KL,Oxford Innotech Bhd.,Producer Manufacturing,stock,common,MYX
NCT.KL,NCT,MYX:NCT,MYX,NCT,NCT.KL,NCT Alliance Bhd,Finance,stock,common,MYX
PTRANS.KL,PTRANS,MYX:PTRANS,MYX,PTRANS,PTRANS.KL,Perak Transit Bhd.,Transportation,stock,common,MYX
NICE.KL,NICE,MYX:NICE,MYX,NICE,NICE.KL,Niche Capital Emas Holdings Bhd.,Consumer Durables,stock,common,MYX
SAMAIDEN.KL,SAMAIDEN,MYX:SAMAIDEN,MYX,SAMAIDEN,SAMAIDEN.KL,Samaiden Group Bhd,Electronic Technology,stock,common,MYX
TAKAFUL.KL,TAKAFUL,MYX:TAKAFUL,MYX,TAKAFUL,TAKAFUL.KL,Syarikat Takaful Malaysia Keluarga Bhd.,Finance,stock,common,MYX
WTK.KL,WTK,MYX:WTK,MYX,WTK,WTK.KL,WTK Holdings Bhd.,Non-Energy Minerals,stock,common,MYX
MBSB.KL,MBSB,MYX:MBSB,MYX,MBSB,MBSB.KL,MBSB Bhd,Finance,stock,common,MYX
LHI.KL,LHI,MYX:LHI,MYX,LHI,LHI.KL,Leong Hup International Bhd.,Process Industries,stock,common,MYX
KOBAY.KL,KOBAY,MYX:KOBAY,MYX,KOBAY,KOBAY.KL,Kobay Technology Bhd.,Producer Manufacturing,stock,common,MYX
WINSTAR.KL,WINSTAR,MYX:WINSTAR,MYX,WINSTAR,WINSTAR.KL,Winstar Capital Bhd.,Non-Energy Minerals,stock,common,MYX
TMK.KL,TMK,MYX:TMK,MYX,TMK,TMK.KL,TMK Chemical Bhd,Process Industries,stock,common,MYX
MAGNUM.KL,MAGNUM,MYX:MAGNUM,MYX,MAGNUM,MAGNUM.KL,Magnum Berhad,Consumer Services,stock,common,MYX
DAYANG.KL,DAYANG,MYX:DAYANG,MYX,DAYANG,DAYANG.KL,Dayang Enterprise Holdings Bhd.,Industrial Services,stock,common,MYX
SAM.KL,SAM,MYX:SAM,MYX,SAM,SAM.KL,SAM Engineering & Equipment (M) Bhd,Producer Manufacturing,stock,common,MYX
AEMULUS.KL,AEMULUS,MYX:AEMULUS,MYX,AEMULUS,AEMULUS.KL,Aemulus Holdings Bhd.,Electronic Technology,stock,common,MYX
MCLEAN.KL,MCLEAN,MYX:MCLEAN,MYX,MCLEAN,MCLEAN.KL,MClean Technologies Bhd.,Commercial Services,stock,common,MYX
PHARMA.KL,PHARMA,MYX:PHARMA,MYX,PHARMA,PHARMA.KL,Pharmaniaga Bhd.,Distribution Services,stock,common,MYX
MHB.KL,MHB,MYX:MHB,MYX,MHB,MHB.KL,Malaysia Marine & Heavy Engineering Holdings Bhd.,Industrial Services,stock,common,MYX
GENP.KL,GENP,MYX:GENP,MYX,GENP,GENP.KL,Genting Plantations Bhd.,Process Industries,stock,common,MYX
JHM.KL,JHM,MYX:JHM,MYX,JHM,JHM.KL,JHM Consolidation Bhd.,Electronic Technology,stock,common,MYX
BUSCAP.KL,BUSCAP,MYX:BUSCAP,MYX,BUSCAP,BUSCAP.KL,BUS Cap Berhad,Producer Manufacturing,stock,common,MYX
CMSB.KL,CMSB,MYX:CMSB,MYX,CMSB,CMSB.KL,Cahya Mata Sarawak Bhd.,Non-Energy Minerals,stock,common,MYX
DATAPRP.KL,DATAPRP,MYX:DATAPRP,MYX,DATAPRP,DATAPRP.KL,Dataprep Holdings Bhd.,Technology Services,stock,common,MYX
LPI.KL,LPI,MYX:LPI,MYX,LPI,LPI.KL,LPI Capital Bhd,Finance,stock,common,MYX
ECOFIRS.KL,ECOFIRS,MYX:ECOFIRS,MYX,ECOFIRS,ECOFIRS.KL,EcoFirst Consolidated Bhd,Finance,stock,common,MYX
HTPADU.KL,HTPADU,MYX:HTPADU,MYX,HTPADU,HTPADU.KL,HeiTech Padu Bhd.,Technology Services,stock,common,MYX
JAKS.KL,JAKS,MYX:JAKS,MYX,JAKS,JAKS.KL,JAKS Resources Bhd.,Industrial Services,stock,common,MYX
HLIND.KL,HLIND,MYX:HLIND,MYX,HLIND,HLIND.KL,Hong Leong Industries Bhd.,Consumer Durables,stock,common,MYX
KJTS.KL,KJTS,MYX:KJTS,MYX,KJTS,KJTS.KL,KJTS Group Berhad,Commercial Services,stock,common,MYX
SEMICO.KL,SEMICO,MYX:SEMICO,MYX,SEMICO,SEMICO.KL,Semico Capital Bhd.,Distribution Services,stock,common,MYX
POWER.KL,POWER,MYX:POWER,MYX,POWER,POWER.KL,POWERTECHNIC GROUP BHD,Producer Manufacturing,stock,common,MYX
PPB.KL,PPB,MYX:PPB,MYX,PPB,PPB.KL,PPB Group Bhd.,Process Industries,stock,common,MYX
BNASTRA.KL,BNASTRA,MYX:BNASTRA,MYX,BNASTRA,BNASTRA.KL,Binastra Corporation Berhad,Electronic Technology,stock,common,MYX
L&G.KL,L&G,MYX:L&G,MYX,L&G,L&G.KL,Land & General Bhd.,Finance,stock,common,MYX
CEB.KL,CEB,MYX:CEB,MYX,CEB,CEB.KL,Cape EMS Bhd,Electronic Technology,stock,common,MYX
MBMR.KL,MBMR,MYX:MBMR,MYX,MBMR,MBMR.KL,MBM Resources Bhd.,Retail Trade,stock,common,MYX
SPSETIA.KL,SPSETIA,MYX:SPSETIA,MYX,SPSETIA,SPSETIA.KL,S P Setia Bhd.,Finance,stock,common,MYX
LAGENDA.KL,LAGENDA,MYX:LAGENDA,MYX,LAGENDA,LAGENDA.KL,Lagenda Properties Bhd.,Finance,stock,common,MYX
HI.KL,HI,MYX:HI,MYX,HI,HI.KL,Hi Mobility Bhd.,Transportation,stock,common,MYX
OGX.KL,OGX,MYX:OGX,MYX,OGX,OGX.KL,OGX Group Berhad,Technology Services,stock,common,MYX
BIMB.KL,BIMB,MYX:BIMB,MYX,BIMB,BIMB.KL,Bank Islam Malaysia Bhd.,Finance,stock,common,MYX
MIKROMB.KL,MIKROMB,MYX:MIKROMB,MYX,MIKROMB,MIKROMB.KL,Mikro MSC Bhd.,Electronic Technology,stock,common,MYX
CTOS.KL,CTOS,MYX:CTOS,MYX,CTOS,CTOS.KL,CTOS Digital Bhd,Commercial Services,stock,common,MYX
PIE.KL,PIE,MYX:PIE,MYX,PIE,PIE.KL,P.I.E. Industrial Bhd.,Electronic Technology,stock,common,MYX
WCT.KL,WCT,MYX:WCT,MYX,WCT,WCT.KL,WCT Holdings Bhd.,Industrial Services,stock,common,MYX
MAG.KL,MAG,MYX:MAG,MYX,MAG,MAG.KL,MAG Holdings Berhad,Process Industries,stock,common,MYX
UUE.KL,UUE,MYX:UUE,MYX,UUE,UUE.KL,UUE Holdings Berhad,Industrial Services,stock,common,MYX
JTGROUP.KL,JTGROUP,MYX:JTGROUP,MYX,JTGROUP,JTGROUP.KL,Jati Tinggi Group Bhd,Industrial Services,stock,common,MYX
AEON.KL,AEON,MYX:AEON,MYX,AEON,AEON.KL,AEON Co. (Malaysia) Bhd.,Retail Trade,stock,common,MYX
MKH.KL,MKH,MYX:MKH,MYX,MKH,MKH.KL,MKH Berhad,Finance,stock,common,MYX
AEONCR.KL,AEONCR,MYX:AEONCR,MYX,AEONCR,AEONCR.KL,AEON Credit Service (M) Bhd.,Finance,stock,common,MYX
BMGREEN.KL,BMGREEN,MYX:BMGREEN,MYX,BMGREEN,BMGREEN.KL,BM GreenTech Bhd,Producer Manufacturing,stock,common,MYX
HLFG.KL,HLFG,MYX:HLFG,MYX,HLFG,HLFG.KL,Hong Leong Financial Group Bhd.,Finance,stock,common,MYX
WELLCHIP.KL,WELLCHIP,MYX:WELLCHIP,MYX,WELLCHIP,WELLCHIP.KL,Well Chip Group Bhd.,Retail Trade,stock,common,MYX
MRCB.KL,MRCB,MYX:MRCB,MYX,MRCB,MRCB.KL,Malaysian Resources Corp. Bhd.,Industrial Services,stock,common,MYX
ANCOMNY.KL,ANCOMNY,MYX:ANCOMNY,MYX,ANCOMNY,ANCOMNY.KL,Ancom Nylex Bhd,Process Industries,stock,common,MYX
AMS.KL,AMS,MYX:AMS,MYX,AMS,AMS.KL,AMS Advanced Material Bhd.,Distribution Services,stock,common,MYX
SYSTECH.KL,SYSTECH,MYX:SYSTECH,MYX,SYSTECH,SYSTECH.KL,Systech Bhd.,Technology Services,stock,common,MYX
EFORCE.KL,EFORCE,MYX:EFORCE,MYX,EFORCE,EFORCE.KL,Excel Force MSC Bhd.,Technology Services,stock,common,MYX
AFFIN.KL,AFFIN,MYX:AFFIN,MYX,AFFIN,AFFIN.KL,Affin Bank Bhd.,Finance,stock,common,MYX
CNERGEN.KL,CNERGEN,MYX:CNERGEN,MYX,CNERGEN,CNERGEN.KL,Cnergenz Bhd.,Electronic Technology,stock,common,MYX
ORIENT.KL,ORIENT,MYX:ORIENT,MYX,ORIENT,ORIENT.KL,Oriental Holdings Bhd.,Retail Trade,stock,common,MYX
VANTNRG.KL,VANTNRG,MYX:VANTNRG,MYX,VANTNRG,VANTNRG.KL,Vantris Energy Bhd,Industrial Services,stock,common,MYX
BAT.KL,BAT,MYX:BAT,MYX,BAT,BAT.KL,British American Tobacco Malaysia Bhd.,Consumer Non-Durables,stock,common,MYX
INSAS.KL,INSAS,MYX:INSAS,MYX,INSAS,INSAS.KL,Insas Bhd.,Technology Services,stock,common,MYX
5ER.KL,5ER,MYX:5ER,MYX,5ER,5ER.KL,5E Resources Holdings Berhad,Industrial Services,stock,common,MYX
SWKPLNT.KL,SWKPLNT,MYX:SWKPLNT,MYX,SWKPLNT,SWKPLNT.KL,Sarawak Plantation Bhd.,Process Industries,stock,common,MYX
SEG.KL,SEG,MYX:SEG,MYX,SEG,SEG.KL,SEG International Bhd.,Commercial Services,stock,common,MYX
VIS.KL,VIS,MYX:VIS,MYX,VIS,VIS.KL,VisDynamics Holdings Bhd.,Electronic Technology,stock,common,MYX
LCTITAN.KL,LCTITAN,MYX:LCTITAN,MYX,LCTITAN,LCTITAN.KL,Lotte Chemical Titan Holdings Bhd,Process Industries,stock,common,MYX
RGTBHD.KL,RGTBHD,MYX:RGTBHD,MYX,RGTBHD,RGTBHD.KL,RGT Bhd.,Process Industries,stock,common,MYX
INTA.KL,INTA,MYX:INTA,MYX,INTA,INTA.KL,Inta Bina Group Bhd.,Consumer Durables,stock,common,MYX
EPMB.KL,EPMB,MYX:EPMB,MYX,EPMB,EPMB.KL,EP Manufacturing Bhd.,Producer Manufacturing,stock,common,MYX
CHEEDING.KL,CHEEDING,MYX:CHEEDING,MYX,CHEEDING,CHEEDING.KL,CHEEDING Holdings Bhd,Industrial Services,stock,common,MYX
ICONIC.KL,ICONIC,MYX:ICONIC,MYX,ICONIC,ICONIC.KL,Iconic Worldwide Bhd.,Consumer Services,stock,common,MYX
CKI.KL,CKI,MYX:CKI,MYX,CKI,CKI.KL,Cuckoo International (Mal) Bhd,Consumer Durables,stock,common,MYX
GOHUB.KL,GOHUB,MYX:GOHUB,MYX,GOHUB,GOHUB.KL,GO Hub Capital Berhad,Technology Services,stock,common,MYX
LBS.KL,LBS,MYX:LBS,MYX,LBS,LBS.KL,LBS Bina Group Bhd.,Finance,stock,common,MYX
TTVHB.KL,TTVHB,MYX:TTVHB,MYX,TTVHB,TTVHB.KL,TT Vision Holdings Bhd.,Electronic Technology,stock,common,MYX
ICTZONE.KL,ICTZONE,MYX:ICTZONE,MYX,ICTZONE,ICTZONE.KL,ICT Zone Asia Bhd.,Technology Services,stock,common,MYX
TROP.KL,TROP,MYX:TROP,MYX,TROP,TROP.KL,Tropicana Corp. Bhd.,Finance,stock,common,MYX
CREST.KL,CREST,MYX:CREST,MYX,CREST,CREST.KL,Crest Group Bhd.,Health Technology,stock,common,MYX
NHB.KL,NHB,MYX:NHB,MYX,NHB,NHB.KL,NuEnergy Holdings Bhd,Utilities,stock,common,MYX
KMLOONG.KL,KMLOONG,MYX:KMLOONG,MYX,KMLOONG,KMLOONG.KL,Kim Loong Resources Bhd.,Process Industries,stock,common,MYX
TWL.KL,TWL,MYX:TWL,MYX,TWL,TWL.KL,TWL Holdings Bhd,Distribution Services,stock,common,MYX
TALIWRK.KL,TALIWRK,MYX:TALIWRK,MYX,TALIWRK,TALIWRK.KL,Taliworks Corp. Bhd.,Utilities,stock,common,MYX
KLUANG.KL,KLUANG,MYX:KLUANG,MYX,KLUANG,KLUANG.KL,Kluang Rubber Co. (Malaya) Bhd.,Process Industries,stock,common,MYX
TDM.KL,TDM,MYX:TDM,MYX,TDM,TDM.KL,TDM Bhd.,Process Industries,stock,common,MYX
HSPLANT.KL,HSPLANT,MYX:HSPLANT,MYX,HSPLANT,HSPLANT.KL,Hap Seng Plantations Holdings Bhd.,Process Industries,stock,common,MYX
WELLS.KL,WELLS,MYX:WELLS,MYX,WELLS,WELLS.KL,Wellspire Holdings Bhd.,Distribution Services,stock,common,MYX
GDB.KL,GDB,MYX:GDB,MYX,GDB,GDB.KL,GDB Holdings Bhd.,Consumer Durables,stock,common,MYX
CLMT.KL,CLMT,MYX:CLMT,MYX,CLMT,CLMT.KL,Capitaland Malaysia Trust,Finance,stock,common,MYX
EKOVEST.KL,EKOVEST,MYX:EKOVEST,MYX,EKOVEST,EKOVEST.KL,Ekovest Bhd.,Industrial Services,stock,common,MYX
EXSIMHB.KL,EXSIMHB,MYX:EXSIMHB,MYX,EXSIMHB,EXSIMHB.KL,Exsim Hospitality Bhd,Consumer Services,stock,common,MYX
CCK.KL,CCK,MYX:CCK,MYX,CCK,CCK.KL,CCK Consolidated Holdings Bhd.,Retail Trade,stock,common,MYX
DRBHCOM.KL,DRBHCOM,MYX:DRBHCOM,MYX,DRBHCOM,DRBHCOM.KL,DRB-Hicom Bhd.,Consumer Durables,stock,common,MYX
ALPHA.KL,ALPHA,MYX:ALPHA,MYX,ALPHA,ALPHA.KL,Alpha IVF Group Bhd.,Health Services,stock,common,MYX
ATECH.KL,ATECH,MYX:ATECH,MYX,ATECH,ATECH.KL,Aurelius Technologies Bhd.,Electronic Technology,stock,common,MYX
GTRONIC.KL,GTRONIC,MYX:GTRONIC,MYX,GTRONIC,GTRONIC.KL,Globetronics Technology Bhd.,Electronic Technology,stock,common,MYX
HCK.KL,HCK,MYX:HCK,MYX,HCK,HCK.KL,HCK Capital Group Berhad,Finance,stock,common,MYX
AVANGAAD.KL,AVANGAAD,MYX:AVANGAAD,MYX,AVANGAAD,AVANGAAD.KL,Avangaad Bhd,Transportation,stock,common,MYX
KIPREIT.KL,KIPREIT,MYX:KIPREIT,MYX,KIPREIT,KIPREIT.KL,KIP Real Estate Investment Trust,Finance,stock,common,MYX
OCK.KL,OCK,MYX:OCK,MYX,OCK,OCK.KL,OCK Group Bhd.,Industrial Services,stock,common,MYX
YTLREIT.KL,YTLREIT,MYX:YTLREIT,MYX,YTLREIT,YTLREIT.KL,YTL Hospitality REIT,Finance,stock,common,MYX
WAVEFRNT.KL,WAVEFRNT,MYX:WAVEFRNT,MYX,WAVEFRNT,WAVEFRNT.KL,WaveFront Bhd,Process Industries,stock,common,MYX
GDGROUP.KL,GDGROUP,MYX:GDGROUP,MYX,GDGROUP,GDGROUP.KL,Golden Destinations Group Berhad,Consumer Services,stock,common,MYX
JFTECH.KL,JFTECH,MYX:JFTECH,MYX,JFTECH,JFTECH.KL,JF Technology Bhd.,Electronic Technology,stock,common,MYX
E&O.KL,E&O,MYX:E&O,MYX,E&O,E&O.KL,Eastern & Oriental Bhd.,Finance,stock,common,MYX
KEYASIC.KL,KEYASIC,MYX:KEYASIC,MYX,KEYASIC,KEYASIC.KL,Key ASIC Bhd.,Electronic Technology,stock,common,MYX
KIMLUN.KL,KIMLUN,MYX:KIMLUN,MYX,KIMLUN,KIMLUN.KL,Kimlun Corp. Bhd.,Industrial Services,stock,common,MYX
THETA.KL,THETA,MYX:THETA,MYX,THETA,THETA.KL,Theta Edge Bhd.,Technology Services,stock,common,MYX
LSH.KL,LSH,MYX:LSH,MYX,LSH,LSH.KL,Lim Seong Hai Capital Bhd,Distribution Services,stock,common,MYX
PSP.KL,PSP,MYX:PSP,MYX,PSP,PSP.KL,PSP Energy Berhad,Distribution Services,stock,common,MYX
ALLIANZ.KL,ALLIANZ,MYX:ALLIANZ,MYX,ALLIANZ,ALLIANZ.KL,Allianz Malaysia Bhd.,Miscellaneous,stock,common,MYX
KHEESAN.KL,KHEESAN,MYX:KHEESAN,MYX,KHEESAN,KHEESAN.KL,Khee San Bhd.,Consumer Non-Durables,stock,common,MYX
AUMAS.KL,AUMAS,MYX:AUMAS,MYX,AUMAS,AUMAS.KL,Aumas Resources Bhd,Non-Energy Minerals,stock,common,MYX
UMSINT.KL,UMSINT,MYX:UMSINT,MYX,UMSINT,UMSINT.KL,UMS Integration Limited,Electronic Technology,stock,common,MYX
MANULFE.KL,MANULFE,MYX:MANULFE,MYX,MANULFE,MANULFE.KL,Manulife Holdings Bhd.,Finance,stock,common,MYX
ABLEGLOB.KL,ABLEGLOB,MYX:ABLEGLOB,MYX,ABLEGLOB,ABLEGLOB.KL,Able Global Bhd,Process Industries,stock,common,MYX
TEAMSTR.KL,TEAMSTR,MYX:TEAMSTR,MYX,TEAMSTR,TEAMSTR.KL,Teamstar Berhad,Retail Trade,stock,common,MYX
LFG.KL,LFG,MYX:LFG,MYX,LFG,LFG.KL,Lianson Fleet Group Bhd,Industrial Services,stock,common,MYX
TELADAN.KL,TELADAN,MYX:TELADAN,MYX,TELADAN,TELADAN.KL,Teladan Group Bhd,Finance,stock,common,MYX
DPHARMA.KL,DPHARMA,MYX:DPHARMA,MYX,DPHARMA,DPHARMA.KL,Duopharma Biotech Bhd.,Health Technology,stock,common,MYX
ECA.KL,ECA,MYX:ECA,MYX,ECA,ECA.KL,ECA Integrated Solution Bhd,Electronic Technology,stock,common,MYX
BAUTO.KL,BAUTO,MYX:BAUTO,MYX,BAUTO,BAUTO.KL,Bermaz Auto Berhad,Retail Trade,stock,common,MYX
MUHIBAH.KL,MUHIBAH,MYX:MUHIBAH,MYX,MUHIBAH,MUHIBAH.KL,Muhibbah Engineering (M) Bhd.,Industrial Services,stock,common,MYX
SCICOM.KL,SCICOM,MYX:SCICOM,MYX,SCICOM,SCICOM.KL,Scicom (MSC) Bhd.,Commercial Services,stock,common,MYX
KSENG.KL,KSENG,MYX:KSENG,MYX,KSENG,KSENG.KL,Keck Seng (Malaysia) Bhd.,Process Industries,stock,common,MYX
SRKKAI.KL,SRKKAI,MYX:SRKKAI,MYX,SRKKAI,SRKKAI.KL,SRKK AI Berhad,Technology Services,stock,common,MYX
MKHOP.KL,MKHOP,MYX:MKHOP,MYX,MKHOP,MKHOP.KL,MKH Oil Palm (East Kalimantan) Bhd,Process Industries,stock,common,MYX
SRIDGE.KL,SRIDGE,MYX:SRIDGE,MYX,SRIDGE,SRIDGE.KL,Silver Ridge Holdings Bhd.,Communications,stock,common,MYX
MHC.KL,MHC,MYX:MHC,MYX,MHC,MHC.KL,MHC Plantations Bhd.,Process Industries,stock,common,MYX
SCOMNET.KL,SCOMNET,MYX:SCOMNET,MYX,SCOMNET,SCOMNET.KL,Supercomnet Technologies Bhd.,Producer Manufacturing,stock,common,MYX
MMCS.KL,MMCS,MYX:MMCS,MYX,MMCS,MMCS.KL,MM Computer Systems Berhad,Technology Services,stock,common,MYX
3REN.KL,3REN,MYX:3REN,MYX,3REN,3REN.KL,3Ren Bhd,Producer Manufacturing,stock,common,MYX
SMETRIC.KL,SMETRIC,MYX:SMETRIC,MYX,SMETRIC,SMETRIC.KL,Securemetric Berhad,Electronic Technology,stock,common,MYX
KARYON.KL,KARYON,MYX:KARYON,MYX,KARYON,KARYON.KL,Karyon Industries Bhd.,Process Industries,stock,common,MYX
HAWK.KL,HAWK,MYX:HAWK,MYX,HAWK,HAWK.KL,Steel Hawk Bhd.,Energy Minerals,stock,common,MYX
OMESTI.KL,OMESTI,MYX:OMESTI,MYX,OMESTI,OMESTI.KL,Omesti Bhd.,Technology Services,stock,common,MYX
ITRONIC.KL,ITRONIC,MYX:ITRONIC,MYX,ITRONIC,ITRONIC.KL,Industronics Bhd.,Electronic Technology,stock,common,MYX
KENANGA.KL,KENANGA,MYX:KENANGA,MYX,KENANGA,KENANGA.KL,Kenanga Investment Bank Bhd.,Finance,stock,common,MYX
SOLUTN.KL,SOLUTN,MYX:SOLUTN,MYX,SOLUTN,SOLUTN.KL,Solution Group Bhd,Producer Manufacturing,stock,common,MYX
BETA.KL,BETA,MYX:BETA,MYX,BETA,BETA.KL,Betamek Bhd,Electronic Technology,stock,common,MYX
RALCO.KL,RALCO,MYX:RALCO,MYX,RALCO,RALCO.KL,Ralco Corp. Bhd.,Process Industries,stock,common,MYX
WESTRVR.KL,WESTRVR,MYX:WESTRVR,MYX,WESTRVR,WESTRVR.KL,West River Bhd.,Industrial Services,stock,common,MYX
THPLANT.KL,THPLANT,MYX:THPLANT,MYX,THPLANT,THPLANT.KL,TH Plantations Bhd.,Process Industries,stock,common,MYX
ESCERAM.KL,ESCERAM,MYX:ESCERAM,MYX,ESCERAM,ESCERAM.KL,ES Ceramics Technology Bhd.,Non-Energy Minerals,stock,common,MYX
WCEHB.KL,WCEHB,MYX:WCEHB,MYX,WCEHB,WCEHB.KL,WCE Holdings Berhad,Producer Manufacturing,stock,common,MYX
KRONO.KL,KRONO,MYX:KRONO,MYX,KRONO,KRONO.KL,Kronologi Asia Bhd.,Technology Services,stock,common,MYX
WAJA.KL,WAJA,MYX:WAJA,MYX,WAJA,WAJA.KL,Waja Konsortium Bhd,Electronic Technology,stock,common,MYX
UZMA.KL,UZMA,MYX:UZMA,MYX,UZMA,UZMA.KL,Uzma Bhd.,Industrial Services,stock,common,MYX
CRPMATE.KL,CRPMATE,MYX:CRPMATE,MYX,CRPMATE,CRPMATE.KL,Cropmate Bhd.,Process Industries,stock,common,MYX
KSL.KL,KSL,MYX:KSL,MYX,KSL,KSL.KL,KSL Holdings Bhd.,Finance,stock,common,MYX
BINTAI.KL,BINTAI,MYX:BINTAI,MYX,BINTAI,BINTAI.KL,Bintai Kinden Corp. Bhd.,Industrial Services,stock,common,MYX
SMRT.KL,SMRT,MYX:SMRT,MYX,SMRT,SMRT.KL,SMRT Holdings Berhad,Commercial Services,stock,common,MYX
APPASIA.KL,APPASIA,MYX:APPASIA,MYX,APPASIA,APPASIA.KL,AppAsia Bhd,Technology Services,stock,common,MYX
PMBTECH.KL,PMBTECH,MYX:PMBTECH,MYX,PMBTECH,PMBTECH.KL,PMB Technology Bhd.,Producer Manufacturing,stock,common,MYX
EDELTEQ.KL,EDELTEQ,MYX:EDELTEQ,MYX,EDELTEQ,EDELTEQ.KL,Edelteq Holdings Bhd,Electronic Technology,stock,common,MYX
SPTOTO.KL,SPTOTO,MYX:SPTOTO,MYX,SPTOTO,SPTOTO.KL,Sports Toto Berhad,Consumer Services,stock,common,MYX
HKB.KL,HKB,MYX:HKB,MYX,HKB,HKB.KL,Hartanah Kenyalang Bhd,Industrial Services,stock,common,MYX
HUMEIND.KL,HUMEIND,MYX:HUMEIND,MYX,HUMEIND,HUMEIND.KL,Hume Cement Industries Berhad,Non-Energy Minerals,stock,common,MYX
AGMO.KL,AGMO,MYX:AGMO,MYX,AGMO,AGMO.KL,Agmo Holdings Bhd.,Technology Services,stock,common,MYX
DPS.KL,DPS,MYX:DPS,MYX,DPS,DPS.KL,DPS Resources Bhd.,Finance,stock,common,MYX
SCOPE.KL,SCOPE,MYX:SCOPE,MYX,SCOPE,SCOPE.KL,Scope Industries Bhd.,Electronic Technology,stock,common,MYX
UCHITEC.KL,UCHITEC,MYX:UCHITEC,MYX,UCHITEC,UCHITEC.KL,Uchi Technologies Bhd.,Electronic Technology,stock,common,MYX
PPJACK.KL,PPJACK,MYX:PPJACK,MYX,PPJACK,PPJACK.KL,Pappajack Bhd,Finance,stock,common,MYX
REACHTEN.KL,REACHTEN,MYX:REACHTEN,MYX,REACHTEN,REACHTEN.KL,Reach Ten Holdings Berhad,Communications,stock,common,MYX
PARADIGM.KL,PARADIGM,MYX:PARADIGM,MYX,PARADIGM,PARADIGM.KL,PARADIGM REAL ESTATE INVESTMENT TRUST,Finance,stock,common,MYX
PRTASCO.KL,PRTASCO,MYX:PRTASCO,MYX,PRTASCO,PRTASCO.KL,Protasco Bhd.,Industrial Services,stock,common,MYX
MAGMA.KL,MAGMA,MYX:MAGMA,MYX,MAGMA,MAGMA.KL,Magma Group Bhd,Finance,stock,common,MYX
OHM.KL,OHM,MYX:OHM,MYX,OHM,OHM.KL,Oasis Home Holding Bhd,Technology Services,stock,common,MYX
MERSEC.KL,MERSEC,MYX:MERSEC,MYX,MERSEC,MERSEC.KL,Mercury Securities Group Bhd.,Finance,stock,common,MYX
WENTEL.KL,WENTEL,MYX:WENTEL,MYX,WENTEL,WENTEL.KL,Wentel Engineering Holdings Bhd.,Producer Manufacturing,stock,common,MYX
SUCCESS.KL,SUCCESS,MYX:SUCCESS,MYX,SUCCESS,SUCCESS.KL,Success Transformer Corp. Bhd.,Producer Manufacturing,stock,common,MYX
PMW.KL,PMW,MYX:PMW,MYX,PMW,PMW.KL,PMW International Bhd.,Non-Energy Minerals,stock,common,MYX
ALAM.KL,ALAM,MYX:ALAM,MYX,ALAM,ALAM.KL,Alam Maritim Resources Bhd.,Industrial Services,stock,common,MYX
ASIAPLY.KL,ASIAPLY,MYX:ASIAPLY,MYX,ASIAPLY,ASIAPLY.KL,Asia Poly Holdings Bhd.,Producer Manufacturing,stock,common,MYX
KEYFIELD.KL,KEYFIELD,MYX:KEYFIELD,MYX,KEYFIELD,KEYFIELD.KL,Keyfield International Berhad,Miscellaneous,stock,common,MYX
CLITE.KL,CLITE,MYX:CLITE,MYX,CLITE,CLITE.KL,Chemlite Innovation Berhad,Process Industries,stock,common,MYX
WELLCAL.KL,WELLCAL,MYX:WELLCAL,MYX,WELLCAL,WELLCAL.KL,Wellcall Holdings Bhd.,Producer Manufacturing,stock,common,MYX
SJC.KL,SJC,MYX:SJC,MYX,SJC,SJC.KL,Seni Jaya Corp. Bhd.,Commercial Services,stock,common,MYX
SDS.KL,SDS,MYX:SDS,MYX,SDS,SDS.KL,SDS Group Bhd.,Consumer Non-Durables,stock,common,MYX
PARKSON.KL,PARKSON,MYX:PARKSON,MYX,PARKSON,PARKSON.KL,Parkson Holdings Bhd.,Retail Trade,stock,common,MYX
LUXCHEM.KL,LUXCHEM,MYX:LUXCHEM,MYX,LUXCHEM,LUXCHEM.KL,Luxchem Corp. Bhd.,Distribution Services,stock,common,MYX
YBS.KL,YBS,MYX:YBS,MYX,YBS,YBS.KL,YBS International Bhd.,Producer Manufacturing,stock,common,MYX
FEYTECH.KL,FEYTECH,MYX:FEYTECH,MYX,FEYTECH,FEYTECH.KL,Feytech Holdings Bhd,Producer Manufacturing,stock,common,MYX
COASTAL.KL,COASTAL,MYX:COASTAL,MYX,COASTAL,COASTAL.KL,Coastal Contracts Bhd.,Producer Manufacturing,stock,common,MYX
INFOM.KL,INFOM,MYX:INFOM,MYX,INFOM,INFOM.KL,Infomina Bhd,Technology Services,stock,common,MYX
SCIB.KL,SCIB,MYX:SCIB,MYX,SCIB,SCIB.KL,Sarawak Consolidated Industries Bhd.,Non-Energy Minerals,stock,common,MYX
KTI.KL,KTI,MYX:KTI,MYX,KTI,KTI.KL,KTI Landmark Bhd.,Finance,stock,common,MYX
ENGTEX.KL,ENGTEX,MYX:ENGTEX,MYX,ENGTEX,ENGTEX.KL,Engtex Group Bhd.,Producer Manufacturing,stock,common,MYX
TEOSENG.KL,TEOSENG,MYX:TEOSENG,MYX,TEOSENG,TEOSENG.KL,Teo Seng Capital Bhd.,Process Industries,stock,common,MYX
EMCC.KL,EMCC,MYX:EMCC,MYX,EMCC,EMCC.KL,Evergreen Max Cash Capital Bhd,Retail Trade,stock,common,MYX
UOADEV.KL,UOADEV,MYX:UOADEV,MYX,UOADEV,UOADEV.KL,UOA Development Bhd.,Finance,stock,common,MYX
CENSOF.KL,CENSOF,MYX:CENSOF,MYX,CENSOF,CENSOF.KL,Censof Holdings Bhd.,Technology Services,stock,common,MYX
AWC.KL,AWC,MYX:AWC,MYX,AWC,AWC.KL,AWC Berhad,Commercial Services,stock,common,MYX
CAB.KL,CAB,MYX:CAB,MYX,CAB,CAB.KL,CAB Cakaran Corp. Bhd.,Process Industries,stock,common,MYX
ECONBHD.KL,ECONBHD,MYX:ECONBHD,MYX,ECONBHD,ECONBHD.KL,Econpile Holdings Bhd,Industrial Services,stock,common,MYX
K1.KL,K1,MYX:K1,MYX,K1,K1.KL,K-One Technology Bhd.,Electronic Technology,stock,common,MYX
IGBB.KL,IGBB,MYX:IGBB,MYX,IGBB,IGBB.KL,IGB Bhd.,Finance,stock,common,MYX
RGB.KL,RGB,MYX:RGB,MYX,RGB,RGB.KL,RGB International Bhd.,Consumer Durables,stock,common,MYX
POLYMER.KL,POLYMER,MYX:POLYMER,MYX,POLYMER,POLYMER.KL,Polymer Link Holdings Bhd,Miscellaneous,stock,common,MYX
SET.KL,SET,MYX:SET,MYX,SET,SET.KL,Swift Energy Technology Bhd.,Distribution Services,stock,common,MYX
CBIP.KL,CBIP,MYX:CBIP,MYX,CBIP,CBIP.KL,CB Industrial Product Holding Bhd.,Producer Manufacturing,stock,common,MYX
MAGNI.KL,MAGNI,MYX:MAGNI,MYX,MAGNI,MAGNI.KL,Magni-Tech Industries Bhd.,Consumer Non-Durables,stock,common,MYX
SEDANIA.KL,SEDANIA,MYX:SEDANIA,MYX,SEDANIA,SEDANIA.KL,Sedania Innovator Bhd.,Communications,stock,common,MYX
KOTRA.KL,KOTRA,MYX:KOTRA,MYX,KOTRA,KOTRA.KL,Kotra Industries Bhd.,Health Technology,stock,common,MYX
PRESTAR.KL,PRESTAR,MYX:PRESTAR,MYX,PRESTAR,PRESTAR.KL,Prestar Resources Bhd.,Producer Manufacturing,stock,common,MYX
TALAMT.KL,TALAMT,MYX:TALAMT,MYX,TALAMT,TALAMT.KL,Talam Transform Berhad,Finance,stock,common,MYX
FPI.KL,FPI,MYX:FPI,MYX,FPI,FPI.KL,Formosa Prosonic Industries Bhd.,Producer Manufacturing,stock,common,MYX
EFRAME.KL,EFRAME,MYX:EFRAME,MYX,EFRAME,EFRAME.KL,Econframe Bhd,Producer Manufacturing,stock,common,MYX
PARAMON.KL,PARAMON,MYX:PARAMON,MYX,PARAMON,PARAMON.KL,Paramount Corp. Bhd.,Finance,stock,common,MYX
VANZO.KL,VANZO,MYX:VANZO,MYX,VANZO,VANZO.KL,Vanzo Holdings Bhd,Process Industries,stock,common,MYX
FPGROUP.KL,FPGROUP,MYX:FPGROUP,MYX,FPGROUP,FPGROUP.KL,Foundpac Group Bhd.,Electronic Technology,stock,common,MYX
ULICORP.KL,ULICORP,MYX:ULICORP,MYX,ULICORP,ULICORP.KL,United U-LI Corp. Bhd.,Producer Manufacturing,stock,common,MYX
PBA.KL,PBA,MYX:PBA,MYX,PBA,PBA.KL,PBA Holdings Bhd.,Utilities,stock,common,MYX
SHANG.KL,SHANG,MYX:SHANG,MYX,SHANG,SHANG.KL,Shangri-La Hotels Malaysia Bhd.,Consumer Services,stock,common,MYX
LAYHONG.KL,LAYHONG,MYX:LAYHONG,MYX,LAYHONG,LAYHONG.KL,Lay Hong Bhd.,Process Industries,stock,common,MYX
SSTEEL.KL,SSTEEL,MYX:SSTEEL,MYX,SSTEEL,SSTEEL.KL,Southern Steel Bhd.,Non-Energy Minerals,stock,common,MYX
NADIBHD.KL,NADIBHD,MYX:NADIBHD,MYX,NADIBHD,NADIBHD.KL,Gagasan Nadi Cergas Bhd.,Consumer Durables,stock,common,MYX
MITRA.KL,MITRA,MYX:MITRA,MYX,MITRA,MITRA.KL,Mitrajaya Holdings Bhd.,Industrial Services,stock,common,MYX
PESONA.KL,PESONA,MYX:PESONA,MYX,PESONA,PESONA.KL,Pesona Metro Holdings Bhd.,Industrial Services,stock,common,MYX
INFOTEC.KL,INFOTEC,MYX:INFOTEC,MYX,INFOTEC,INFOTEC.KL,Infoline Tec Group Bhd,Technology Services,stock,common,MYX
JSSOLAR.KL,JSSOLAR,MYX:JSSOLAR,MYX,JSSOLAR,JSSOLAR.KL,JS Solar Holding Bhd,Industrial Services,stock,common,MYX
PANAMY.KL,PANAMY,MYX:PANAMY,MYX,PANAMY,PANAMY.KL,Panasonic Manufacturing Malaysia Bhd.,Consumer Durables,stock,common,MYX
OPTIMAX.KL,OPTIMAX,MYX:OPTIMAX,MYX,OPTIMAX,OPTIMAX.KL,Optimax Holdings Bhd.,Health Services,stock,common,MYX
NEXGBINA.KL,NEXGBINA,MYX:NEXGBINA,MYX,NEXGBINA,NEXGBINA.KL,NexG Bina Berhad,Consumer Non-Durables,stock,common,MYX
HAPSENG.KL,HAPSENG,MYX:HAPSENG,MYX,HAPSENG,HAPSENG.KL,Hap Seng Consolidated Bhd.,Process Industries,stock,common,MYX
AHB.KL,AHB,MYX:AHB,MYX,AHB,AHB.KL,AHB Holdings Bhd.,Consumer Durables,stock,common,MYX
PETRONM.KL,PETRONM,MYX:PETRONM,MYX,PETRONM,PETRONM.KL,Petron Malaysia Refining & Marketing Bhd.,Energy Minerals,stock,common,MYX
MALTON.KL,MALTON,MYX:MALTON,MYX,MALTON,MALTON.KL,Malton Bhd.,Finance,stock,common,MYX
LGMS.KL,LGMS,MYX:LGMS,MYX,LGMS,LGMS.KL,LGMS Bhd,Technology Services,stock,common,MYX
GESHEN.KL,GESHEN,MYX:GESHEN,MYX,GESHEN,GESHEN.KL,Ge-Shen Corp. Bhd.,Process Industries,stock,common,MYX
HIAPTEK.KL,HIAPTEK,MYX:HIAPTEK,MYX,HIAPTEK,HIAPTEK.KL,Hiap Teck Venture Bhd.,Distribution Services,stock,common,MYX
MSM.KL,MSM,MYX:MSM,MYX,MSM,MSM.KL,MSM Malaysia Holdings Bhd.,Process Industries,stock,common,MYX
CARLORINO.KL,CARLORINO,MYX:CARLORINO,MYX,CARLORINO,CARLORINO.KL,Carlo Rino Group Bhd,Retail Trade,stock,common,MYX
CRESNDO.KL,CRESNDO,MYX:CRESNDO,MYX,CRESNDO,CRESNDO.KL,Crescendo Corp. Bhd.,Finance,stock,common,MYX
TGUAN.KL,TGUAN,MYX:TGUAN,MYX,TGUAN,TGUAN.KL,Thong Guan Industries Bhd.,Process Industries,stock,common,MYX
PANTECH.KL,PANTECH,MYX:PANTECH,MYX,PANTECH,PANTECH.KL,Pantech Group Holdings Bhd.,Non-Energy Minerals,stock,common,MYX
GFM.KL,GFM,MYX:GFM,MYX,GFM,GFM.KL,GFM Services Bhd.,Commercial Services,stock,common,MYX
HEXZA.KL,HEXZA,MYX:HEXZA,MYX,HEXZA,HEXZA.KL,Hexza Corp. Bhd.,Process Industries,stock,common,MYX
FOODIE.KL,FOODIE,MYX:FOODIE,MYX,FOODIE,FOODIE.KL,Foodie Media Berhad,Commercial Services,stock,common,MYX
SINARAN.KL,SINARAN,MYX:SINARAN,MYX,SINARAN,SINARAN.KL,Sinaran Advance Group Bhd,Consumer Non-Durables,stock,common,MYX
TAGHILL.KL,TAGHILL,MYX:TAGHILL,MYX,TAGHILL,TAGHILL.KL,Taghill Holdings Bhd,Industrial Services,stock,common,MYX
GADANG.KL,GADANG,MYX:GADANG,MYX,GADANG,GADANG.KL,Gadang Holdings Bhd.,Industrial Services,stock,common,MYX
PARAGON.KL,PARAGON,MYX:PARAGON,MYX,PARAGON,PARAGON.KL,Paragon Union Bhd.,Producer Manufacturing,stock,common,MYX
TRC.KL,TRC,MYX:TRC,MYX,TRC,TRC.KL,TRC Synergy Bhd.,Industrial Services,stock,common,MYX
GDEX.KL,GDEX,MYX:GDEX,MYX,GDEX,GDEX.KL,GDEX Bhd,Transportation,stock,common,MYX
LEFORM.KL,LEFORM,MYX:LEFORM,MYX,LEFORM,LEFORM.KL,Leform Bhd,Non-Energy Minerals,stock,common,MYX
HEXIND.KL,HEXIND,MYX:HEXIND,MYX,HEXIND,HEXIND.KL,Hextar Industries Bhd,Producer Manufacturing,stock,common,MYX
TEXCHEM.KL,TEXCHEM,MYX:TEXCHEM,MYX,TEXCHEM,TEXCHEM.KL,Texchem Resources Bhd.,Distribution Services,stock,common,MYX
TECHSTORE.KL,TECHSTORE,MYX:TECHSTORE,MYX,TECHSTORE,TECHSTORE.KL,TECHSTORE BERHAD,Electronic Technology,stock,common,MYX
SAMCHEM.KL,SAMCHEM,MYX:SAMCHEM,MYX,SAMCHEM,SAMCHEM.KL,Samchem Holdings Bhd.,Distribution Services,stock,common,MYX
INCKEN.KL,INCKEN,MYX:INCKEN,MYX,INCKEN,INCKEN.KL,Inch Kenneth Kajang Rubber Plc,Consumer Services,stock,common,MYX
FOCUSP.KL,FOCUSP,MYX:FOCUSP,MYX,FOCUSP,FOCUSP.KL,Focus Point Holdings Bhd.,Retail Trade,stock,common,MYX
REDTONE.KL,REDTONE,MYX:REDTONE,MYX,REDTONE,REDTONE.KL,REDtone Digital Berhad,Communications,stock,common,MYX
LIIHEN.KL,LIIHEN,MYX:LIIHEN,MYX,LIIHEN,LIIHEN.KL,Lii Hen Industries Bhd.,Consumer Durables,stock,common,MYX
SEALINK.KL,SEALINK,MYX:SEALINK,MYX,SEALINK,SEALINK.KL,Sealink International Bhd.,Producer Manufacturing,stock,common,MYX
ANALABS.KL,ANALABS,MYX:ANALABS,MYX,ANALABS,ANALABS.KL,Analabs Resources Bhd.,Process Industries,stock,common,MYX
AME.KL,AME,MYX:AME,MYX,AME,AME.KL,AME Elite Consortium Berhad,Consumer Durables,stock,common,MYX
L&PBHD.KL,L&PBHD,MYX:L&PBHD,MYX,L&PBHD,L&PBHD.KL,L&P Global Berhad,Commercial Services,stock,common,MYX
SENDAI.KL,SENDAI,MYX:SENDAI,MYX,SENDAI,SENDAI.KL,Eversendai Corp Bhd.,Industrial Services,stock,common,MYX
DKSH.KL,DKSH,MYX:DKSH,MYX,DKSH,DKSH.KL,DKSH Holdings (Malaysia) Bhd.,Transportation,stock,common,MYX
LFECORP.KL,LFECORP,MYX:LFECORP,MYX,LFECORP,LFECORP.KL,LFE Corporation Bhd,Industrial Services,stock,common,MYX
CYBERE.KL,CYBERE,MYX:CYBERE,MYX,CYBERE,CYBERE.KL,Cyberjaya Education Group Bhd,Consumer Services,stock,common,MYX
SKYWLD.KL,SKYWLD,MYX:SKYWLD,MYX,SKYWLD,SKYWLD.KL,Skyworld Development Bhd,Finance,stock,common,MYX
HARISON.KL,HARISON,MYX:HARISON,MYX,HARISON,HARISON.KL,Harrisons Holdings Malaysia Bhd.,Distribution Services,stock,common,MYX
ENEST.KL,ENEST,MYX:ENEST,MYX,ENEST,ENEST.KL,Enest Group Bhd.,Process Industries,stock,common,MYX
DLADY.KL,DLADY,MYX:DLADY,MYX,DLADY,DLADY.KL,Dutch Lady Milk Industries Bhd.,Consumer Non-Durables,stock,common,MYX
AURO.KL,AURO,MYX:AURO,MYX,AURO,AURO.KL,AURO Holdings Bhd,Non-Energy Minerals,stock,common,MYX
TSA.KL,TSA,MYX:TSA,MYX,TSA,TSA.KL,TSA Group Bhd,Distribution Services,stock,common,MYX
TFP.KL,TFP,MYX:TFP,MYX,TFP,TFP.KL,TFP Solutions Bhd.,Commercial Services,stock,common,MYX
TECHNAX.KL,TECHNAX,MYX:TECHNAX,MYX,TECHNAX,TECHNAX.KL,Techna-X Bhd.,Process Industries,stock,common,MYX
BPURI.KL,BPURI,MYX:BPURI,MYX,BPURI,BPURI.KL,Bina Puri Holdings Bhd.,Industrial Services,stock,common,MYX
ORKIM.KL,ORKIM,MYX:ORKIM,MYX,ORKIM,ORKIM.KL,Orkim Bhd,Transportation,stock,common,MYX
KUCINGKO.KL,KUCINGKO,MYX:KUCINGKO,MYX,KUCINGKO,KUCINGKO.KL,Kucingko Sdn Bhd,Consumer Services,stock,common,MYX
TONGHER.KL,TONGHER,MYX:TONGHER,MYX,TONGHER,TONGHER.KL,Tong Herr Resources Bhd.,Producer Manufacturing,stock,common,MYX
SENFONG.KL,SENFONG,MYX:SENFONG,MYX,SENFONG,SENFONG.KL,Seng Fong Holdings Bhd,Producer Manufacturing,stock,common,MYX
IBHD.KL,IBHD,MYX:IBHD,MYX,IBHD,IBHD.KL,I-Berhad,Finance,stock,common,MYX
DELEUM.KL,DELEUM,MYX:DELEUM,MYX,DELEUM,DELEUM.KL,Deleum Bhd.,Distribution Services,stock,common,MYX
NORTHERN.KL,NORTHERN,MYX:NORTHERN,MYX,NORTHERN,NORTHERN.KL,Northern Solar Holdings Bhd.,Industrial Services,stock,common,MYX
KENERGY.KL,KENERGY,MYX:KENERGY,MYX,KENERGY,KENERGY.KL,Kawan Renergy Bhd.,Industrial Services,stock,common,MYX
BPROP.KL,BPROP,MYX:BPROP,MYX,BPROP,BPROP.KL,Berjaya Property Berhad,Consumer Services,stock,common,MYX
ARREIT.KL,ARREIT,MYX:ARREIT,MYX,ARREIT,ARREIT.KL,AmanahRaya Real Estate Investment Trust,Finance,stock,common,MYX
FIAMMA.KL,FIAMMA,MYX:FIAMMA,MYX,FIAMMA,FIAMMA.KL,Fiamma Holdings Bhd.,Retail Trade,stock,common,MYX
SKBSHUT.KL,SKBSHUT,MYX:SKBSHUT,MYX,SKBSHUT,SKBSHUT.KL,SKB Shutters Corp. Bhd.,Producer Manufacturing,stock,common,MYX
KFIMA.KL,KFIMA,MYX:KFIMA,MYX,KFIMA,KFIMA.KL,Kumpulan Fima Bhd.,Process Industries,stock,common,MYX
SAG.KL,SAG,MYX:SAG,MYX,SAG,SAG.KL,Signature Alliance Group Berhad,Commercial Services,stock,common,MYX
AYS.KL,AYS,MYX:AYS,MYX,AYS,AYS.KL,AYS Ventures Bhd.,Distribution Services,stock,common,MYX
POHKONG.KL,POHKONG,MYX:POHKONG,MYX,POHKONG,POHKONG.KL,Poh Kong Holdings Bhd.,Consumer Durables,stock,common,MYX
IWCITY.KL,IWCITY,MYX:IWCITY,MYX,IWCITY,IWCITY.KL,Iskandar Waterfront City Berhad,Industrial Services,stock,common,MYX
MTAG.KL,MTAG,MYX:MTAG,MYX,MTAG,MTAG.KL,MTAG Group Berhad,Commercial Services,stock,common,MYX
CITAGLB.KL,CITAGLB,MYX:CITAGLB,MYX,CITAGLB,CITAGLB.KL,Citaglobal Bhd,Industrial Services,stock,common,MYX
LBALUM.KL,LBALUM,MYX:LBALUM,MYX,LBALUM,LBALUM.KL,LB Aluminium Bhd.,Non-Energy Minerals,stock,common,MYX
KGW.KL,KGW,MYX:KGW,MYX,KGW,KGW.KL,KGW Group Bhd,Transportation,stock,common,MYX
RADIUM.KL,RADIUM,MYX:RADIUM,MYX,RADIUM,RADIUM.KL,Radium Development Bhd,Finance,stock,common,MYX
SUMI.KL,SUMI,MYX:SUMI,MYX,SUMI,SUMI.KL,Sumisaujana Group Berhad,Miscellaneous,stock,common,MYX
FAVCO.KL,FAVCO,MYX:FAVCO,MYX,FAVCO,FAVCO.KL,Favelle Favco Bhd.,Producer Manufacturing,stock,common,MYX
ELSA.KL,ELSA,MYX:ELSA,MYX,ELSA,ELSA.KL,Elsa Berhad,Technology Services,stock,common,MYX
ELKDESA.KL,ELKDESA,MYX:ELKDESA,MYX,ELKDESA,ELKDESA.KL,ELK-Desa Resources Bhd.,Finance,stock,common,MYX
HSSBAKERY.KL,HSSBAKERY,MYX:HSSBAKERY,MYX,HSSBAKERY,HSSBAKERY.KL,HSS Holdings Berhad,Consumer Non-Durables,stock,common,MYX
SSF.KL,SSF,MYX:SSF,MYX,SSF,SSF.KL,SSF Home Group Bhd,Retail Trade,stock,common,MYX
SCGM.KL,SCGM,MYX:SCGM,MYX,SCGM,SCGM.KL,SCGM Bhd.,Process Industries,stock,common,MYX
SEM.KL,SEM,MYX:SEM,MYX,SEM,SEM.KL,7-Eleven Malaysia Holdings Bhd,Retail Trade,stock,common,MYX
ELSOFT.KL,ELSOFT,MYX:ELSOFT,MYX,ELSOFT,ELSOFT.KL,Elsoft Research Bhd.,Commercial Services,stock,common,MYX
AXTERIA.KL,AXTERIA,MYX:AXTERIA,MYX,AXTERIA,AXTERIA.KL,Axteria Group Bhd,Finance,stock,common,MYX
METRO.KL,METRO,MYX:METRO,MYX,METRO,METRO.KL,Metro Healthcare Bhd.,Health Services,stock,common,MYX
KESM.KL,KESM,MYX:KESM,MYX,KESM,KESM.KL,KESM Industries Bhd.,Commercial Services,stock,common,MYX
TITIJYA.KL,TITIJYA,MYX:TITIJYA,MYX,TITIJYA,TITIJYA.KL,Titijaya Land Bhd.,Finance,stock,common,MYX
NOVAMSC.KL,NOVAMSC,MYX:NOVAMSC,MYX,NOVAMSC,NOVAMSC.KL,Nova MSC Bhd.,Technology Services,stock,common,MYX
MAGNA.KL,MAGNA,MYX:MAGNA,MYX,MAGNA,MAGNA.KL,Magna Prima Bhd.,Finance,stock,common,MYX
MCEHLDG.KL,MCEHLDG,MYX:MCEHLDG,MYX,MCEHLDG,MCEHLDG.KL,MCE Holdings Bhd.,Producer Manufacturing,stock,common,MYX
RT.KL,RT,MYX:RT,MYX,RT,RT.KL,RT Pastry Holdings Berhad,Retail Trade,stock,common,MYX
UMCCA.KL,UMCCA,MYX:UMCCA,MYX,UMCCA,UMCCA.KL,United Malacca Bhd.,Process Industries,stock,common,MYX
T7GLOBAL.KL,T7GLOBAL,MYX:T7GLOBAL,MYX,T7GLOBAL,T7GLOBAL.KL,T7 Global Berhad,Industrial Services,stock,common,MYX
IFCAMSC.KL,IFCAMSC,MYX:IFCAMSC,MYX,IFCAMSC,IFCAMSC.KL,IFCA MSC Bhd.,Technology Services,stock,common,MYX
PGLOBAL.KL,PGLOBAL,MYX:PGLOBAL,MYX,PGLOBAL,PGLOBAL.KL,Pantech Global Bhd.,Non-Energy Minerals,stock,common,MYX
MATANG.KL,MATANG,MYX:MATANG,MYX,MATANG,MATANG.KL,Matang Bhd.,Process Industries,stock,common,MYX
MBN.KL,MBN,MYX:MBN,MYX,MBN,MBN.KL,MYMBN Bhd,Process Industries,stock,common,MYX
PESTEC.KL,PESTEC,MYX:PESTEC,MYX,PESTEC,PESTEC.KL,Pestec International Berhad,Industrial Services,stock,common,MYX
ANNJOO.KL,ANNJOO,MYX:ANNJOO,MYX,ANNJOO,ANNJOO.KL,Ann Joo Resources Bhd.,Producer Manufacturing,stock,common,MYX
MBRIGHT.KL,MBRIGHT,MYX:MBRIGHT,MYX,MBRIGHT,MBRIGHT.KL,Meta Bright Group Bhd,Consumer Services,stock,common,MYX
TXCD.KL,TXCD,MYX:TXCD,MYX,TXCD,TXCD.KL,Txcd Bhd,Industrial Services,stock,common,MYX
FIMACOR.KL,FIMACOR,MYX:FIMACOR,MYX,FIMACOR,FIMACOR.KL,Fima Corp. Bhd.,Process Industries,stock,common,MYX
NESTCON.KL,NESTCON,MYX:NESTCON,MYX,NESTCON,NESTCON.KL,Nestcon Bhd,Consumer Durables,stock,common,MYX
CEPCO.KL,CEPCO,MYX:CEPCO,MYX,CEPCO,CEPCO.KL,Concrete Engineering Products Bhd.,Non-Energy Minerals,stock,common,MYX
MIECO.KL,MIECO,MYX:MIECO,MYX,MIECO,MIECO.KL,Mieco Berhad,Non-Energy Minerals,stock,common,MYX
IRIS.KL,IRIS,MYX:IRIS,MYX,IRIS,IRIS.KL,IRIS Corp. Bhd.,Electronic Technology,stock,common,MYX
FBG.KL,FBG,MYX:FBG,MYX,FBG,FBG.KL,FBG Holdings Berhad,Industrial Services,stock,common,MYX
SBS.KL,SBS,MYX:SBS,MYX,SBS,SBS.KL,SBS Nexus Bhd.,Commercial Services,stock,common,MYX
LACMED.KL,LACMED,MYX:LACMED,MYX,LACMED,LACMED.KL,Lac Med Berhad,Distribution Services,stock,common,MYX
KPS.KL,KPS,MYX:KPS,MYX,KPS,KPS.KL,Kumpulan Perangsang Selangor Bhd.,Utilities,stock,common,MYX
AZRB.KL,AZRB,MYX:AZRB,MYX,AZRB,AZRB.KL,Ahmad Zaki Resources Bhd.,Industrial Services,stock,common,MYX
ACO.KL,ACO,MYX:ACO,MYX,ACO,ACO.KL,ACO Group Bhd,Distribution Services,stock,common,MYX
CIHLDG.KL,CIHLDG,MYX:CIHLDG,MYX,CIHLDG,CIHLDG.KL,C.I. Holdings Bhd.,Producer Manufacturing,stock,common,MYX
CHINHIN.KL,CHINHIN,MYX:CHINHIN,MYX,CHINHIN,CHINHIN.KL,Chin Hin Group Bhd,Distribution Services,stock,common,MYX
ALAQAR.KL,ALAQAR,MYX:ALAQAR,MYX,ALAQAR,ALAQAR.KL,Al-'Aqar Healthcare REIT,Finance,stock,common,MYX
HEXCARE.KL,HEXCARE,MYX:HEXCARE,MYX,HEXCARE,HEXCARE.KL,Hextar Healthcare Bhd,Producer Manufacturing,stock,common,MYX
ADNEX.KL,ADNEX,MYX:ADNEX,MYX,ADNEX,ADNEX.KL,Adnex Group Berhad,Commercial Services,stock,common,MYX
TUNEPRO.KL,TUNEPRO,MYX:TUNEPRO,MYX,TUNEPRO,TUNEPRO.KL,Tune Protect Group Bhd.,Finance,stock,common,MYX
LIFTECH.KL,LIFTECH,MYX:LIFTECH,MYX,LIFTECH,LIFTECH.KL,Liftech Group Berhad,Producer Manufacturing,stock,common,MYX
UMC.KL,UMC,MYX:UMC,MYX,UMC,UMC.KL,UMediC Group Bhd.,Health Technology,stock,common,MYX
YGL.KL,YGL,MYX:YGL,MYX,YGL,YGL.KL,YGL Convergence Bhd.,Technology Services,stock,common,MYX
HEKTAR.KL,HEKTAR,MYX:HEKTAR,MYX,HEKTAR,HEKTAR.KL,Hektar Real Estate Investment Trust,Finance,stock,common,MYX
M&A.KL,M&A,MYX:M&A,MYX,M&A,M&A.KL,M & A Equity Holdings Bhd,Finance,stock,common,MYX
PLENITU.KL,PLENITU,MYX:PLENITU,MYX,PLENITU,PLENITU.KL,Plenitude Bhd.,Finance,stock,common,MYX
HUPSENG.KL,HUPSENG,MYX:HUPSENG,MYX,HUPSENG,HUPSENG.KL,Hup Seng Industries Bhd.,Consumer Non-Durables,stock,common,MYX
BESHOM.KL,BESHOM,MYX:BESHOM,MYX,BESHOM,BESHOM.KL,BesHom Holdings Bhd,Retail Trade,stock,common,MYX
HSSEB.KL,HSSEB,MYX:HSSEB,MYX,HSSEB,HSSEB.KL,HSS Engineers Bhd.,Industrial Services,stock,common,MYX
UNITRAD.KL,UNITRAD,MYX:UNITRAD,MYX,UNITRAD,UNITRAD.KL,Unitrade Industries Bhd,Distribution Services,stock,common,MYX
BEDI.KL,BEDI,MYX:BEDI,MYX,BEDI,BEDI.KL,BEDI Berhad,Finance,stock,common,MYX
CSCSTEL.KL,CSCSTEL,MYX:CSCSTEL,MYX,CSCSTEL,CSCSTEL.KL,CSC Steel Holdings Bhd.,Producer Manufacturing,stock,common,MYX
PWROOT.KL,PWROOT,MYX:PWROOT,MYX,PWROOT,PWROOT.KL,Power Root Bhd.,Consumer Non-Durables,stock,common,MYX
INNO.KL,INNO,MYX:INNO,MYX,INNO,INNO.KL,Innoprise Plantations Bhd.,Process Industries,stock,common,MYX
AIZO.KL,AIZO,MYX:AIZO,MYX,AIZO,AIZO.KL,AIZO Group Berhad,Industrial Services,stock,common,MYX
SYGROUP.KL,SYGROUP,MYX:SYGROUP,MYX,SYGROUP,SYGROUP.KL,Shin Yang Group Bhd,Transportation,stock,common,MYX
A1AKK.KL,A1AKK,MYX:A1AKK,MYX,A1AKK,A1AKK.KL,A1 A.K. Koh Group Bhd.,Distribution Services,stock,common,MYX
TECHBND.KL,TECHBND,MYX:TECHBND,MYX,TECHBND,TECHBND.KL,Techbond Group Bhd.,Process Industries,stock,common,MYX
MASTEEL.KL,MASTEEL,MYX:MASTEEL,MYX,MASTEEL,MASTEEL.KL,Malaysia Steel Works (KL) Bhd.,Non-Energy Minerals,stock,common,MYX
PRKCORP.KL,PRKCORP,MYX:PRKCORP,MYX,PRKCORP,PRKCORP.KL,Perak Corp. Bhd.,Transportation,stock,common,MYX
POS.KL,POS,MYX:POS,MYX,POS,POS.KL,Pos Malaysia Bhd.,Transportation,stock,common,MYX
RVIEW.KL,RVIEW,MYX:RVIEW,MYX,RVIEW,RVIEW.KL,Riverview Rubber Estates Bhd.,Process Industries,stock,common,MYX
PICORP.KL,PICORP,MYX:PICORP,MYX,PICORP,PICORP.KL,Progressive Impact Corp. Bhd.,Commercial Services,stock,common,MYX
MSTGOLF.KL,MSTGOLF,MYX:MSTGOLF,MYX,MSTGOLF,MSTGOLF.KL,MST Golf Group Bhd,Retail Trade,stock,common,MYX
MUIPROP.KL,MUIPROP,MYX:MUIPROP,MYX,MUIPROP,MUIPROP.KL,MUI Properties Bhd.,Finance,stock,common,MYX
CHINTEK.KL,CHINTEK,MYX:CHINTEK,MYX,CHINTEK,CHINTEK.KL,Chin Teck Plantations Bhd.,Process Industries,stock,common,MYX
ZANTAT.KL,ZANTAT,MYX:ZANTAT,MYX,ZANTAT,ZANTAT.KL,Zantat Holdings Bhd.,Process Industries,stock,common,MYX
BJFOOD.KL,BJFOOD,MYX:BJFOOD,MYX,BJFOOD,BJFOOD.KL,Berjaya Food Bhd.,Consumer Services,stock,common,MYX
EDEN.KL,EDEN,MYX:EDEN,MYX,EDEN,EDEN.KL,Eden Inc. Berhad,Utilities,stock,common,MYX
SUPREME.KL,SUPREME,MYX:SUPREME,MYX,SUPREME,SUPREME.KL,Supreme Consolidated Resources Bhd,Distribution Services,stock,common,MYX
TECGUAN.KL,TECGUAN,MYX:TECGUAN,MYX,TECGUAN,TECGUAN.KL,Teck Guan Perdana Bhd.,Process Industries,stock,common,MYX
DENGKIL.KL,DENGKIL,MYX:DENGKIL,MYX,DENGKIL,DENGKIL.KL,Wawasan Dengkil Holdings Bhd,Industrial Services,stock,common,MYX
SERSOL.KL,SERSOL,MYX:SERSOL,MYX,SERSOL,SERSOL.KL,Sersol Bhd.,Process Industries,stock,common,MYX
PERDANA.KL,PERDANA,MYX:PERDANA,MYX,PERDANA,PERDANA.KL,Perdana Petroleum Bhd.,Transportation,stock,common,MYX
ASIAFLE.KL,ASIAFLE,MYX:ASIAFLE,MYX,ASIAFLE,ASIAFLE.KL,Asia File Corporation Bhd.,Process Industries,stock,common,MYX
BPPLAS.KL,BPPLAS,MYX:BPPLAS,MYX,BPPLAS,BPPLAS.KL,BP Plastics Holding Bhd.,Process Industries,stock,common,MYX
PENERGY.KL,PENERGY,MYX:PENERGY,MYX,PENERGY,PENERGY.KL,Petra Energy Bhd.,Industrial Services,stock,common,MYX
SUPERLN.KL,SUPERLN,MYX:SUPERLN,MYX,SUPERLN,SUPERLN.KL,Superlon Holdings Bhd.,Process Industries,stock,common,MYX
HLCAP.KL,HLCAP,MYX:HLCAP,MYX,HLCAP,HLCAP.KL,Hong Leong Capital Bhd.,Finance,stock,common,MYX
OVH.KL,OVH,MYX:OVH,MYX,OVH,OVH.KL,Ocean Vantage Holdings Bhd.,Industrial Services,stock,common,MYX
MPAY.KL,MPAY,MYX:MPAY,MYX,MPAY,MPAY.KL,ManagePay Systems Bhd.,Commercial Services,stock,common,MYX
YNHPROP.KL,YNHPROP,MYX:YNHPROP,MYX,YNHPROP,YNHPROP.KL,YNH Property Bhd.,Finance,stock,common,MYX
ASTRO.KL,ASTRO,MYX:ASTRO,MYX,ASTRO,ASTRO.KL,Astro Malaysia Holdings Bhd.,Consumer Services,stock,common,MYX
RESINTC.KL,RESINTC,MYX:RESINTC,MYX,RESINTC,RESINTC.KL,Resintech Bhd.,Producer Manufacturing,stock,common,MYX
RSSB.KL,RSSB,MYX:RSSB,MYX,RSSB,RSSB.KL,Rivertree STF Synergies Berhad,Process Industries,stock,common,MYX
HEXCAP.KL,HEXCAP,MYX:HEXCAP,MYX,HEXCAP,HEXCAP.KL,Hextar Capital Bhd,Producer Manufacturing,stock,common,MYX
COSMOS.KL,COSMOS,MYX:COSMOS,MYX,COSMOS,COSMOS.KL,Cosmos Technology International Bhd,Producer Manufacturing,stock,common,MYX
DFX.KL,DFX,MYX:DFX,MYX,DFX,DFX.KL,Divfex Bhd,Technology Services,stock,common,MYX
MMSV.KL,MMSV,MYX:MMSV,MYX,MMSV,MMSV.KL,MMS Ventures Bhd.,Producer Manufacturing,stock,common,MYX
EVERGRN.KL,EVERGRN,MYX:EVERGRN,MYX,EVERGRN,EVERGRN.KL,Evergreen Fibreboard Bhd.,Producer Manufacturing,stock,common,MYX
AMFIRST.KL,AMFIRST,MYX:AMFIRST,MYX,AMFIRST,AMFIRST.KL,AmFIRST Real Estate Investment Trust,Finance,stock,common,MYX
AMWAY.KL,AMWAY,MYX:AMWAY,MYX,AMWAY,AMWAY.KL,Amway (Malaysia) Holdings Bhd.,Retail Trade,stock,common,MYX
UOAREIT.KL,UOAREIT,MYX:UOAREIT,MYX,UOAREIT,UOAREIT.KL,UOA Real Estate Investment Trust,Finance,stock,common,MYX
PMCK.KL,PMCK,MYX:PMCK,MYX,PMCK,PMCK.KL,PMCK Berhad,Health Services,stock,common,MYX
RTECH.KL,RTECH,MYX:RTECH,MYX,RTECH,RTECH.KL,Richtech Digital Berhad,Technology Services,stock,common,MYX
CRESBLD.KL,CRESBLD,MYX:CRESBLD,MYX,CRESBLD,CRESBLD.KL,Crest Builder Holdings Bhd.,Industrial Services,stock,common,MYX
VARIA.KL,VARIA,MYX:VARIA,MYX,VARIA,VARIA.KL,Varia Berhad,Finance,stock,common,MYX
SORENTO.KL,SORENTO,MYX:SORENTO,MYX,SORENTO,SORENTO.KL,Sorento Capital Bhd.,Finance,stock,common,MYX
COMPUGT.KL,COMPUGT,MYX:COMPUGT,MYX,COMPUGT,COMPUGT.KL,Compugates Holdings Bhd.,Distribution Services,stock,common,MYX
BSLCORP.KL,BSLCORP,MYX:BSLCORP,MYX,BSLCORP,BSLCORP.KL,BSL Corporation Berhad,Producer Manufacturing,stock,common,MYX
KTC.KL,KTC,MYX:KTC,MYX,KTC,KTC.KL,Kim Teck Cheong Consolidated Bhd.,Transportation,stock,common,MYX
LIONIND.KL,LIONIND,MYX:LIONIND,MYX,LIONIND,LIONIND.KL,Lion Industries Corp. Bhd.,Non-Energy Minerals,stock,common,MYX
BINACOM.KL,BINACOM,MYX:BINACOM,MYX,BINACOM,BINACOM.KL,Binasat Communications Bhd.,Communications,stock,common,MYX
CHOOBEE.KL,CHOOBEE,MYX:CHOOBEE,MYX,CHOOBEE,CHOOBEE.KL,Choo Bee Metal Industries Bhd.,Non-Energy Minerals,stock,common,MYX
REVENUE.KL,REVENUE,MYX:REVENUE,MYX,REVENUE,REVENUE.KL,Revenue Group Bhd.,Electronic Technology,stock,common,MYX
DNONCE.KL,DNONCE,MYX:DNONCE,MYX,DNONCE,DNONCE.KL,D'nonce Technology Bhd.,Electronic Technology,stock,common,MYX
KPPROP.KL,KPPROP,MYX:KPPROP,MYX,KPPROP,KPPROP.KL,Kerjaya Prospek Property Bhd.,Finance,stock,common,MYX
AVALAND.KL,AVALAND,MYX:AVALAND,MYX,AVALAND,AVALAND.KL,AVALAND Bhd,Finance,stock,common,MYX
MAA.KL,MAA,MYX:MAA,MYX,MAA,MAA.KL,MAA Group Bhd.,Finance,stock,common,MYX
EDUSPEC.KL,EDUSPEC,MYX:EDUSPEC,MYX,EDUSPEC,EDUSPEC.KL,Eduspec Holdings Bhd.,Consumer Services,stock,common,MYX
SENHENG.KL,SENHENG,MYX:SENHENG,MYX,SENHENG,SENHENG.KL,Senheng New Retail Berhad,Retail Trade,stock,common,MYX
OPENSYS.KL,OPENSYS,MYX:OPENSYS,MYX,OPENSYS,OPENSYS.KL,OpenSys (M) Bhd.,Technology Services,stock,common,MYX
GHS.KL,GHS,MYX:GHS,MYX,GHS,GHS.KL,Guan Huat Seng Holdings Bhd.,Distribution Services,stock,common,MYX
HIGHTEC.KL,HIGHTEC,MYX:HIGHTEC,MYX,HIGHTEC,HIGHTEC.KL,Kumpulan H&L High-Tech Bhd.,Producer Manufacturing,stock,common,MYX
HOCKSOON.KL,HOCKSOON,MYX:HOCKSOON,MYX,HOCKSOON,HOCKSOON.KL,Hock Soon Capital Bhd.,Process Industries,stock,common,MYX
AWANTEC.KL,AWANTEC,MYX:AWANTEC,MYX,AWANTEC,AWANTEC.KL,AwanBiru Technology Bhd.,Technology Services,stock,common,MYX
JIANKUN.KL,JIANKUN,MYX:JIANKUN,MYX,JIANKUN,JIANKUN.KL,Jiankun International Bhd,Process Industries,stock,common,MYX
COMFORT.KL,COMFORT,MYX:COMFORT,MYX,COMFORT,COMFORT.KL,Comfort Gloves Bhd.,Producer Manufacturing,stock,common,MYX
EPICON.KL,EPICON,MYX:EPICON,MYX,EPICON,EPICON.KL,Epicon Bhd,Consumer Services,stock,common,MYX
APOLLO.KL,APOLLO,MYX:APOLLO,MYX,APOLLO,APOLLO.KL,Apollo Food Holdings Bhd.,Consumer Non-Durables,stock,common,MYX
RESTNGO.KL,RESTNGO,MYX:RESTNGO,MYX,RESTNGO,RESTNGO.KL,RNG Tech Berhad,Consumer Services,stock,common,MYX
KHB.KL,KHB,MYX:KHB,MYX,KHB,KHB.KL,KHPT Holdings Bhd,Producer Manufacturing,stock,common,MYX
LYSAGHT.KL,LYSAGHT,MYX:LYSAGHT,MYX,LYSAGHT,LYSAGHT.KL,Lysaght Galvanized Steel Bhd.,Non-Energy Minerals,stock,common,MYX
TDEX.KL,TDEX,MYX:TDEX,MYX,TDEX,TDEX.KL,Technodex Bhd.,Commercial Services,stock,common,MYX
ABLEGRP.KL,ABLEGRP,MYX:ABLEGRP,MYX,ABLEGRP,ABLEGRP.KL,AbleGroup Bhd.,Non-Energy Minerals,stock,common,MYX
PMIBHD.KL,PMIBHD,MYX:PMIBHD,MYX,PMIBHD,PMIBHD.KL,Pan Merchant Bhd,Producer Manufacturing,stock,common,MYX
GLOMAC.KL,GLOMAC,MYX:GLOMAC,MYX,GLOMAC,GLOMAC.KL,Glomac Bhd.,Finance,stock,common,MYX
GEOHAN.KL,GEOHAN,MYX:GEOHAN,MYX,GEOHAN,GEOHAN.KL,Geohan Corporation Berhad,Industrial Services,stock,common,MYX
TAFI.KL,TAFI,MYX:TAFI,MYX,TAFI,TAFI.KL,TAFI Industries Bhd.,Consumer Durables,stock,common,MYX
SWIFT.KL,SWIFT,MYX:SWIFT,MYX,SWIFT,SWIFT.KL,Swift Haulage Berhad,Transportation,stock,common,MYX
PANSAR.KL,PANSAR,MYX:PANSAR,MYX,PANSAR,PANSAR.KL,Pansar Bhd.,Distribution Services,stock,common,MYX
SBAGAN.KL,SBAGAN,MYX:SBAGAN,MYX,SBAGAN,SBAGAN.KL,Sungei Bagan Rubber Co. (Malaya) Bhd.,Process Industries,stock,common,MYX
TAMBUN.KL,TAMBUN,MYX:TAMBUN,MYX,TAMBUN,TAMBUN.KL,Tambun Indah Land Bhd.,Finance,stock,common,MYX
ATRIUM.KL,ATRIUM,MYX:ATRIUM,MYX,ATRIUM,ATRIUM.KL,Atrium Real Estate Investment Trust,Finance,stock,common,MYX
HEVEA.KL,HEVEA,MYX:HEVEA,MYX,HEVEA,HEVEA.KL,HeveaBoard Bhd.,Producer Manufacturing,stock,common,MYX
INNATURE.KL,INNATURE,MYX:INNATURE,MYX,INNATURE,INNATURE.KL,Innature bhd,Retail Trade,stock,common,MYX
HWGB.KL,HWGB,MYX:HWGB,MYX,HWGB,HWGB.KL,Ho Wah Genting Bhd.,Producer Manufacturing,stock,common,MYX
PDZ.KL,PDZ,MYX:PDZ,MYX,PDZ,PDZ.KL,PDZ Holdings Bhd.,Transportation,stock,common,MYX
TCHONG.KL,TCHONG,MYX:TCHONG,MYX,TCHONG,TCHONG.KL,Tan Chong Motor Holdings Bhd.,Consumer Durables,stock,common,MYX
ADB.KL,ADB,MYX:ADB,MYX,ADB,ADB.KL,Autocount Dotcom Bhd,Technology Services,stock,common,MYX
BLDPLNT.KL,BLDPLNT,MYX:BLDPLNT,MYX,BLDPLNT,BLDPLNT.KL,BLD Plantation Bhd.,Process Industries,stock,common,MYX
RSAWIT.KL,RSAWIT,MYX:RSAWIT,MYX,RSAWIT,RSAWIT.KL,Rimbunan Sawit Bhd.,Process Industries,stock,common,MYX
EPB.KL,EPB,MYX:EPB,MYX,EPB,EPB.KL,EPB Group Berhad,Producer Manufacturing,stock,common,MYX
JAGCPTL.KL,JAGCPTL,MYX:JAGCPTL,MYX,JAGCPTL,JAGCPTL.KL,Jag Capital Berhad,Commercial Services,stock,common,MYX
CENGILD.KL,CENGILD,MYX:CENGILD,MYX,CENGILD,CENGILD.KL,Cengild Medical Bhd.,Health Services,stock,common,MYX
RGTECH.KL,RGTECH,MYX:RGTECH,MYX,RGTECH,RGTECH.KL,Radiant Globaltech Bhd.,Technology Services,stock,common,MYX
RAPID.KL,RAPID,MYX:RAPID,MYX,RAPID,RAPID.KL,Rapid Synergy Bhd.,Finance,stock,common,MYX
AZAMJAYA.KL,AZAMJAYA,MYX:AZAMJAYA,MYX,AZAMJAYA,AZAMJAYA.KL,Azam Jaya Bhd,Industrial Services,stock,common,MYX
CEPAT.KL,CEPAT,MYX:CEPAT,MYX,CEPAT,CEPAT.KL,Cepatwawasan Group Bhd.,Process Industries,stock,common,MYX
CHUAN.KL,CHUAN,MYX:CHUAN,MYX,CHUAN,CHUAN.KL,Chuan Huat Resources Bhd.,Distribution Services,stock,common,MYX
PTARAS.KL,PTARAS,MYX:PTARAS,MYX,PTARAS,PTARAS.KL,Pintaras Jaya Bhd.,Industrial Services,stock,common,MYX
EWICAP.KL,EWICAP,MYX:EWICAP,MYX,EWICAP,EWICAP.KL,EWI Capital Bhd,Finance,stock,common,MYX
TOMYPAK.KL,TOMYPAK,MYX:TOMYPAK,MYX,TOMYPAK,TOMYPAK.KL,Tomypak Holdings Bhd.,Process Industries,stock,common,MYX
FIBRO.KL,FIBRO,MYX:FIBRO,MYX,FIBRO,FIBRO.KL,Fibromat (M) Bhd.,Process Industries,stock,common,MYX
CAREPLS.KL,CAREPLS,MYX:CAREPLS,MYX,CAREPLS,CAREPLS.KL,Careplus Group Bhd.,Producer Manufacturing,stock,common,MYX
UCREST.KL,UCREST,MYX:UCREST,MYX,UCREST,UCREST.KL,UCrest Bhd,Technology Services,stock,common,MYX
VSOLAR.KL,VSOLAR,MYX:VSOLAR,MYX,VSOLAR,VSOLAR.KL,Vsolar Group Bhd.,Technology Services,stock,common,MYX
UNIMECH.KL,UNIMECH,MYX:UNIMECH,MYX,UNIMECH,UNIMECH.KL,Unimech Group Bhd.,Producer Manufacturing,stock,common,MYX
ORGABIO.KL,ORGABIO,MYX:ORGABIO,MYX,ORGABIO,ORGABIO.KL,Orgabio Holdings Bhd.,Consumer Non-Durables,stock,common,MYX
MESTRON.KL,MESTRON,MYX:MESTRON,MYX,MESTRON,MESTRON.KL,Mestron Holdings Bhd.,Producer Manufacturing,stock,common,MYX
TASCO.KL,TASCO,MYX:TASCO,MYX,TASCO,TASCO.KL,TASCO Bhd,Transportation,stock,common,MYX
JASKITA.KL,JASKITA,MYX:JASKITA,MYX,JASKITA,JASKITA.KL,Jasa Kita Bhd.,Distribution Services,stock,common,MYX
THRIVEN.KL,THRIVEN,MYX:THRIVEN,MYX,THRIVEN,THRIVEN.KL,Thriven Global Bhd.,Finance,stock,common,MYX
FOCUS.KL,FOCUS,MYX:FOCUS,MYX,FOCUS,FOCUS.KL,Focus Dynamics Group Bhd.,Consumer Services,stock,common,MYX
MGRC.KL,MGRC,MYX:MGRC,MYX,MGRC,MGRC.KL,Malaysian Genomics Resource Centre Bhd.,Health Services,stock,common,MYX
GREENYB.KL,GREENYB,MYX:GREENYB,MYX,GREENYB,GREENYB.KL,Greenyield Bhd.,Producer Manufacturing,stock,common,MYX
JETSON.KL,JETSON,MYX:JETSON,MYX,JETSON,JETSON.KL,Kumpulan Jetson Bhd.,Producer Manufacturing,stock,common,MYX
JSB.KL,JSB,MYX:JSB,MYX,JSB,JSB.KL,Jentayu Sustainables Bhd.,Distribution Services,stock,common,MYX
MAYBULK.KL,MAYBULK,MYX:MAYBULK,MYX,MAYBULK,MAYBULK.KL,Maybulk Bhd,Transportation,stock,common,MYX
PANDA.KL,PANDA,MYX:PANDA,MYX,PANDA,PANDA.KL,Panda Eco System Bhd,Technology Services,stock,common,MYX
STAR.KL,STAR,MYX:STAR,MYX,STAR,STAR.KL,Star Media Group Berhad,Consumer Services,stock,common,MYX
MOBILIA.KL,MOBILIA,MYX:MOBILIA,MYX,MOBILIA,MOBILIA.KL,Mobilia Holdings Bhd,Consumer Durables,stock,common,MYX
TOYOVEN.KL,TOYOVEN,MYX:TOYOVEN,MYX,TOYOVEN,TOYOVEN.KL,Toyo Ventures Holdings Bhd.,Process Industries,stock,common,MYX
GKENT.KL,GKENT,MYX:GKENT,MYX,GKENT,GKENT.KL,George Kent (Malaysia) Bhd.,Industrial Services,stock,common,MYX
NAIM.KL,NAIM,MYX:NAIM,MYX,NAIM,NAIM.KL,Naim Holdings Bhd.,Industrial Services,stock,common,MYX
OCR.KL,OCR,MYX:OCR,MYX,OCR,OCR.KL,OCR Group Bhd,Finance,stock,common,MYX
ZHULIAN.KL,ZHULIAN,MYX:ZHULIAN,MYX,ZHULIAN,ZHULIAN.KL,Zhulian Corporation Bhd.,Producer Manufacturing,stock,common,MYX
CFM.KL,CFM,MYX:CFM,MYX,CFM,CFM.KL,Computer Forms (Malaysia) Bhd.,Commercial Services,stock,common,MYX
MENTIGA.KL,MENTIGA,MYX:MENTIGA,MYX,MENTIGA,MENTIGA.KL,Mentiga Corp. Bhd.,Process Industries,stock,common,MYX
PLINTAS.KL,PLINTAS,MYX:PLINTAS,MYX,PLINTAS,PLINTAS.KL,Prolintas Infra Business Trust,Industrial Services,stock,common,MYX
TEKSENG.KL,TEKSENG,MYX:TEKSENG,MYX,TEKSENG,TEKSENG.KL,Tek Seng Holdings Bhd.,Process Industries,stock,common,MYX
GENERGY.KL,GENERGY,MYX:GENERGY,MYX,GENERGY,GENERGY.KL,Wasco Greenergy Berhad,Miscellaneous,stock,common,MYX
OBHB.KL,OBHB,MYX:OBHB,MYX,OBHB,OBHB.KL,OB Holdings Bhd,Commercial Services,stock,common,MYX
STRAITS.KL,STRAITS,MYX:STRAITS,MYX,STRAITS,STRAITS.KL,Straits Energy Resources Bhd,Distribution Services,stock,common,MYX
EUPE.KL,EUPE,MYX:EUPE,MYX,EUPE,EUPE.KL,EUPE Corp. Bhd.,Finance,stock,common,MYX
IBRACO.KL,IBRACO,MYX:IBRACO,MYX,IBRACO,IBRACO.KL,Ibraco Bhd.,Finance,stock,common,MYX
NOVA.KL,NOVA,MYX:NOVA,MYX,NOVA,NOVA.KL,Nova Wellness Group Bhd.,Health Technology,stock,common,MYX
GPACKET.KL,GPACKET,MYX:GPACKET,MYX,GPACKET,GPACKET.KL,Green Packet Bhd.,Technology Services,stock,common,MYX
BENALEC.KL,BENALEC,MYX:BENALEC,MYX,BENALEC,BENALEC.KL,Benalec Holdings Bhd.,Industrial Services,stock,common,MYX
WONG.KL,WONG,MYX:WONG,MYX,WONG,WONG.KL,Wong Engineering Corp. Bhd.,Producer Manufacturing,stock,common,MYX
UNIQUE.KL,UNIQUE,MYX:UNIQUE,MYX,UNIQUE,UNIQUE.KL,Unique Fire Holdings Bhd,Producer Manufacturing,stock,common,MYX
GBAY.KL,GBAY,MYX:GBAY,MYX,GBAY,GBAY.KL,Greater Bay Holdings Bhd,Process Industries,stock,common,MYX
MSB.KL,MSB,MYX:MSB,MYX,MSB,MSB.KL,MSB Global Group Bhd.,Distribution Services,stock,common,MYX
KAREX.KL,KAREX,MYX:KAREX,MYX,KAREX,KAREX.KL,Karex Bhd.,Producer Manufacturing,stock,common,MYX
SAPRES.KL,SAPRES,MYX:SAPRES,MYX,SAPRES,SAPRES.KL,Sapura Resources Bhd.,Finance,stock,common,MYX
SUNZEN.KL,SUNZEN,MYX:SUNZEN,MYX,SUNZEN,SUNZEN.KL,Sunzen Group Bhd,Health Technology,stock,common,MYX
N2N.KL,N2N,MYX:N2N,MYX,N2N,N2N.KL,N2N Connect Bhd.,Technology Services,stock,common,MYX
CNH.KL,CNH,MYX:CNH,MYX,CNH,CNH.KL,Citra Nusa Holdings Bhd,Consumer Non-Durables,stock,common,MYX
PGLOBE.KL,PGLOBE,MYX:PGLOBE,MYX,PGLOBE,PGLOBE.KL,Paragon Globe Berhad,Finance,stock,common,MYX
CNOUHUA.KL,CNOUHUA,MYX:CNOUHUA,MYX,CNOUHUA,CNOUHUA.KL,China Ouhua Winery Holdings Ltd.,Consumer Non-Durables,stock,common,MYX
HARBOUR.KL,HARBOUR,MYX:HARBOUR,MYX,HARBOUR,HARBOUR.KL,Harbour-Link Group Bhd.,Transportation,stock,common,MYX
AIMAX.KL,AIMAX,MYX:AIMAX,MYX,AIMAX,AIMAX.KL,AIMAX Berhad,Distribution Services,stock,common,MYX
PENSONI.KL,PENSONI,MYX:PENSONI,MYX,PENSONI,PENSONI.KL,Pensonic Holdings Bhd.,Consumer Durables,stock,common,MYX
OKA.KL,OKA,MYX:OKA,MYX,OKA,OKA.KL,OKA Corporation Bhd.,Non-Energy Minerals,stock,common,MYX
BKAWAN.KL,BKAWAN,MYX:BKAWAN,MYX,BKAWAN,BKAWAN.KL,Batu Kawan Bhd.,Process Industries,stock,common,MYX
MIDTOWN.KL,MIDTOWN,MYX:MIDTOWN,MYX,MIDTOWN,MIDTOWN.KL,Midtown Group Berhad,Producer Manufacturing,stock,common,MYX
HM.KL,HM,MYX:HM,MYX,HM,HM.KL,Harvest Miracle Capital Bhd,Technology Services,stock,common,MYX
MULPHA.KL,MULPHA,MYX:MULPHA,MYX,MULPHA,MULPHA.KL,Mulpha International Bhd.,Consumer Services,stock,common,MYX
MINOX.KL,MINOX,MYX:MINOX,MYX,MINOX,MINOX.KL,Minox International Group Bhd,Distribution Services,stock,common,MYX
CANONE.KL,CANONE,MYX:CANONE,MYX,CANONE,CANONE.KL,Can-One Bhd.,Process Industries,stock,common,MYX
AMEREIT.KL,AMEREIT,MYX:AMEREIT,MYX,AMEREIT,AMEREIT.KL,AME Real Estate Investment Trust,Finance,stock,common,MYX
MMAG.KL,MMAG,MYX:MMAG,MYX,MMAG,MMAG.KL,MMAG Holdings Bhd.,Technology Services,stock,common,MYX
BONIA.KL,BONIA,MYX:BONIA,MYX,BONIA,BONIA.KL,Bonia Corp. Bhd.,Retail Trade,stock,common,MYX
ERDASAN.KL,ERDASAN,MYX:ERDASAN,MYX,ERDASAN,ERDASAN.KL,Erdasan Group Bhd,Producer Manufacturing,stock,common,MYX
HARNLEN.KL,HARNLEN,MYX:HARNLEN,MYX,HARNLEN,HARNLEN.KL,Harn Len Corporation Bhd.,Consumer Durables,stock,common,MYX
ANEKA.KL,ANEKA,MYX:ANEKA,MYX,ANEKA,ANEKA.KL,Aneka Jaringan Holdings Bhd,Industrial Services,stock,common,MYX
PLABS.KL,PLABS,MYX:PLABS,MYX,PLABS,PLABS.KL,PeterLabs Holdings Bhd.,Process Industries,stock,common,MYX
TAS.KL,TAS,MYX:TAS,MYX,TAS,TAS.KL,TAS Offshore Bhd.,Producer Manufacturing,stock,common,MYX
ANCOMLB.KL,ANCOMLB,MYX:ANCOMLB,MYX,ANCOMLB,ANCOMLB.KL,Ancom Logistics Bhd.,Transportation,stock,common,MYX
CJCEN.KL,CJCEN,MYX:CJCEN,MYX,CJCEN,CJCEN.KL,CJ Century Logistics Holdings Bhd.,Transportation,stock,common,MYX
PGF.KL,PGF,MYX:PGF,MYX,PGF,PGF.KL,PGF Capital Bhd,Non-Energy Minerals,stock,common,MYX
VERDANT.KL,VERDANT,MYX:VERDANT,MYX,VERDANT,VERDANT.KL,Verdant Solar Holdings Bhd.,Industrial Services,stock,common,MYX
WANGZNG.KL,WANGZNG,MYX:WANGZNG,MYX,WANGZNG,WANGZNG.KL,Wang-Zheng Bhd.,Process Industries,stock,common,MYX
TOPVISN.KL,TOPVISN,MYX:TOPVISN,MYX,TOPVISN,TOPVISN.KL,Topvision Eye Specialist Bhd,Health Services,stock,common,MYX
ASB.KL,ASB,MYX:ASB,MYX,ASB,ASB.KL,Advance Synergy Bhd.,Consumer Services,stock,common,MYX
SYMLIFE.KL,SYMLIFE,MYX:SYMLIFE,MYX,SYMLIFE,SYMLIFE.KL,Symphony Life Bhd.,Finance,stock,common,MYX
BIG.KL,BIG,MYX:BIG,MYX,BIG,BIG.KL,B.I.G. Industries Bhd.,Process Industries,stock,common,MYX
PAOS.KL,PAOS,MYX:PAOS,MYX,PAOS,PAOS.KL,Paos Holdings Bhd.,Consumer Non-Durables,stock,common,MYX
ARTRONIQ.KL,ARTRONIQ,MYX:ARTRONIQ,MYX,ARTRONIQ,ARTRONIQ.KL,Artroniq Bhd.,Distribution Services,stock,common,MYX
CARIMIN.KL,CARIMIN,MYX:CARIMIN,MYX,CARIMIN,CARIMIN.KL,Carimin Petroleum Bhd,Industrial Services,stock,common,MYX
AGX.KL,AGX,MYX:AGX,MYX,AGX,AGX.KL,AGX Group Bhd.,Transportation,stock,common,MYX
FITTERS.KL,FITTERS,MYX:FITTERS,MYX,FITTERS,FITTERS.KL,Fitters Diversified Bhd.,Producer Manufacturing,stock,common,MYX
NOVATECH.KL,NOVATECH,MYX:NOVATECH,MYX,NOVATECH,NOVATECH.KL,NOVA Technology services berhad,Technology Services,stock,common,MYX
GUH.KL,GUH,MYX:GUH,MYX,GUH,GUH.KL,GUH Holdings Bhd.,Consumer Durables,stock,common,MYX
KPSCB.KL,KPSCB,MYX:KPSCB,MYX,KPSCB,KPSCB.KL,KPS Consortium Bhd.,Distribution Services,stock,common,MYX
VERSATL.KL,VERSATL,MYX:VERSATL,MYX,VERSATL,VERSATL.KL,Versatile Creative Bhd.,Process Industries,stock,common,MYX
HUBLINE.KL,HUBLINE,MYX:HUBLINE,MYX,HUBLINE,HUBLINE.KL,Hubline Bhd.,Transportation,stock,common,MYX
PERSTIM.KL,PERSTIM,MYX:PERSTIM,MYX,PERSTIM,PERSTIM.KL,Perusahaan Sadur Timah Malaysia (Perstima) Bhd.,Non-Energy Minerals,stock,common,MYX
CABNET.KL,CABNET,MYX:CABNET,MYX,CABNET,CABNET.KL,Cabnet Holdings Bhd.,Industrial Services,stock,common,MYX
MTEC.KL,MTEC,MYX:MTEC,MYX,MTEC,MTEC.KL,Master Tec Group Bhd,Miscellaneous,stock,common,MYX
NEXGRAM.KL,NEXGRAM,MYX:NEXGRAM,MYX,NEXGRAM,NEXGRAM.KL,Nexgram Holdings Berhad,Distribution Services,stock,common,MYX
LEONFB.KL,LEONFB,MYX:LEONFB,MYX,LEONFB,LEONFB.KL,Leon Fuat Bhd.,Non-Energy Minerals,stock,common,MYX
TMCLIFE.KL,TMCLIFE,MYX:TMCLIFE,MYX,TMCLIFE,TMCLIFE.KL,TMC Life Sciences Bhd.,Health Services,stock,common,MYX
CYL.KL,CYL,MYX:CYL,MYX,CYL,CYL.KL,CYL Corporation Berhad,Process Industries,stock,common,MYX
WTEC.KL,WTEC,MYX:WTEC,MYX,WTEC,WTEC.KL,WTEC GROUP BHD,Process Industries,stock,common,MYX
ECKEM.KL,ECKEM,MYX:ECKEM,MYX,ECKEM,ECKEM.KL,Eckem Holdings Berhad,Process Industries,stock,common,MYX
EDARAN.KL,EDARAN,MYX:EDARAN,MYX,EDARAN,EDARAN.KL,Edaran Bhd.,Technology Services,stock,common,MYX
DCHCARE.KL,DCHCARE,MYX:DCHCARE,MYX,DCHCARE,DCHCARE.KL,DC Healthcare Holdings Bhd,Health Services,stock,common,MYX
DESTINI.KL,DESTINI,MYX:DESTINI,MYX,DESTINI,DESTINI.KL,Destini Bhd.,Producer Manufacturing,stock,common,MYX
HUAYANG.KL,HUAYANG,MYX:HUAYANG,MYX,HUAYANG,HUAYANG.KL,Hua Yang Bhd.,Finance,stock,common,MYX
MINHO.KL,MINHO,MYX:MINHO,MYX,MINHO,MINHO.KL,Minho (Malaysia) Bhd.,Non-Energy Minerals,stock,common,MYX
TECHBASE.KL,TECHBASE,MYX:TECHBASE,MYX,TECHBASE,TECHBASE.KL,Techbase Industries Berhad,Consumer Non-Durables,stock,common,MYX
BIOHLDG.KL,BIOHLDG,MYX:BIOHLDG,MYX,BIOHLDG,BIOHLDG.KL,Bioalpha Holdings Bhd.,Health Technology,stock,common,MYX
GLXT.KL,GLXT,MYX:GLXT,MYX,GLXT,GLXT.KL,Glostrext Bhd,Industrial Services,stock,common,MYX
WILLOW.KL,WILLOW,MYX:WILLOW,MYX,WILLOW,WILLOW.KL,Willowglen MSC Bhd.,Electronic Technology,stock,common,MYX
WEGMANS.KL,WEGMANS,MYX:WEGMANS,MYX,WEGMANS,WEGMANS.KL,Wegmans Holdings Bhd.,Consumer Durables,stock,common,MYX
BMS.KL,BMS,MYX:BMS,MYX,BMS,BMS.KL,BMS Holdings Berhad,Retail Trade,stock,common,MYX
HAILY.KL,HAILY,MYX:HAILY,MYX,HAILY,HAILY.KL,Haily Group Bhd.,Consumer Durables,stock,common,MYX
XOX.KL,XOX,MYX:XOX,MYX,XOX,XOX.KL,XOX Bhd.,Communications,stock,common,MYX
SUNSURIA.KL,SUNSURIA,MYX:SUNSURIA,MYX,SUNSURIA,SUNSURIA.KL,Sunsuria Berhad,Finance,stock,common,MYX
MGB.KL,MGB,MYX:MGB,MYX,MGB,MGB.KL,MGB Bhd,Consumer Durables,stock,common,MYX
KAWAN.KL,KAWAN,MYX:KAWAN,MYX,KAWAN,KAWAN.KL,Kawan Food Bhd.,Consumer Non-Durables,stock,common,MYX
MQTECH.KL,MQTECH,MYX:MQTECH,MYX,MQTECH,MQTECH.KL,MQ Technology Bhd.,Producer Manufacturing,stock,common,MYX
GLOTEC.KL,GLOTEC,MYX:GLOTEC,MYX,GLOTEC,GLOTEC.KL,Globaltec Formation Bhd.,Producer Manufacturing,stock,common,MYX
YSPSAH.KL,YSPSAH,MYX:YSPSAH,MYX,YSPSAH,YSPSAH.KL,Y.S.P. Southeast Asia Holding Bhd.,Health Technology,stock,common,MYX
AJIYA.KL,AJIYA,MYX:AJIYA,MYX,AJIYA,AJIYA.KL,Ajiya Bhd.,Distribution Services,stock,common,MYX
MASTER.KL,MASTER,MYX:MASTER,MYX,MASTER,MASTER.KL,Master-Pack Group Bhd.,Process Industries,stock,common,MYX
APM.KL,APM,MYX:APM,MYX,APM,APM.KL,APM Automotive Holdings Bhd.,Producer Manufacturing,stock,common,MYX
SOLID.KL,SOLID,MYX:SOLID,MYX,SOLID,SOLID.KL,Solid Automotive Bhd.,Distribution Services,stock,common,MYX
GOLDLI.KL,GOLDLI,MYX:GOLDLI,MYX,GOLDLI,GOLDLI.KL,Gold Li Holdings Berhad,Finance,stock,common,MYX
MBL.KL,MBL,MYX:MBL,MYX,MBL,MBL.KL,Muar Ban Lee Group Bhd.,Process Industries,stock,common,MYX
ARBB.KL,ARBB,MYX:ARBB,MYX,ARBB,ARBB.KL,ARB Bhd.,Technology Services,stock,common,MYX
PUNCAK.KL,PUNCAK,MYX:PUNCAK,MYX,PUNCAK,PUNCAK.KL,Puncak Niaga Holdings Bhd.,Utilities,stock,common,MYX
VIZIONE.KL,VIZIONE,MYX:VIZIONE,MYX,VIZIONE,VIZIONE.KL,Vizione Holdings Bhd.,Industrial Services,stock,common,MYX
3A.KL,3A,MYX:3A,MYX,3A,3A.KL,Three-A Resources Bhd.,Consumer Non-Durables,stock,common,MYX
PCCS.KL,PCCS,MYX:PCCS,MYX,PCCS,PCCS.KL,PCCS Group Bhd.,Consumer Non-Durables,stock,common,MYX
FPHB.KL,FPHB,MYX:FPHB,MYX,FPHB,FPHB.KL,Farm Price Holdings Bhd.,Distribution Services,stock,common,MYX
MUIIND.KL,MUIIND,MYX:MUIIND,MYX,MUIIND,MUIIND.KL,Malayan United Industries Bhd.,Consumer Services,stock,common,MYX
PRG.KL,PRG,MYX:PRG,MYX,PRG,PRG.KL,PRG Holdings Berhad,Process Industries,stock,common,MYX
OFI.KL,OFI,MYX:OFI,MYX,OFI,OFI.KL,Oriental Food Industries Holdings Bhd.,Consumer Non-Durables,stock,common,MYX
EMETALL.KL,EMETALL,MYX:EMETALL,MYX,EMETALL,EMETALL.KL,Eonmetall Group Bhd.,Non-Energy Minerals,stock,common,MYX
YB.KL,YB,MYX:YB,MYX,YB,YB.KL,YB Ventures Bhd.,Producer Manufacturing,stock,common,MYX
EITA.KL,EITA,MYX:EITA,MYX,EITA,EITA.KL,EITA Resources Bhd.,Producer Manufacturing,stock,common,MYX
HBGLOB.KL,HBGLOB,MYX:HBGLOB,MYX,HBGLOB,HBGLOB.KL,HB Global Ltd.,Consumer Non-Durables,stock,common,MYX
YOCB.KL,YOCB,MYX:YOCB,MYX,YOCB,YOCB.KL,Yoong Onn Corp. Bhd.,Consumer Durables,stock,common,MYX
ZECON.KL,ZECON,MYX:ZECON,MYX,ZECON,ZECON.KL,Zecon Bhd.,Industrial Services,stock,common,MYX
KRETAM.KL,KRETAM,MYX:KRETAM,MYX,KRETAM,KRETAM.KL,Kretam Holdings Bhd.,Process Industries,stock,common,MYX
SEAL.KL,SEAL,MYX:SEAL,MYX,SEAL,SEAL.KL,Seal Incorporated Berhad,Finance,stock,common,MYX
MKLAND.KL,MKLAND,MYX:MKLAND,MYX,MKLAND,MKLAND.KL,MK Land Holdings Bhd.,Finance,stock,common,MYX
MARCO.KL,MARCO,MYX:MARCO,MYX,MARCO,MARCO.KL,Marco Holdings Bhd.,Distribution Services,stock,common,MYX
AVI.KL,AVI,MYX:AVI,MYX,AVI,AVI.KL,Avillion Bhd,Consumer Services,stock,common,MYX
KOMARK.KL,KOMARK,MYX:KOMARK,MYX,KOMARK,KOMARK.KL,Komarkcorp Bhd.,Commercial Services,stock,common,MYX
SCNWOLF.KL,SCNWOLF,MYX:SCNWOLF,MYX,SCNWOLF,SCNWOLF.KL,Scanwolf Corp. Bhd.,Consumer Durables,stock,common,MYX
NTPM.KL,NTPM,MYX:NTPM,MYX,NTPM,NTPM.KL,NTPM Holdings Bhd.,Consumer Non-Durables,stock,common,MYX
XDL.KL,XDL,MYX:XDL,MYX,XDL,XDL.KL,XiDeLang Holdings Ltd.,Consumer Non-Durables,stock,common,MYX
SCBUILD.KL,SCBUILD,MYX:SCBUILD,MYX,SCBUILD,SCBUILD.KL,SC Estate Builder Bhd.,Industrial Services,stock,common,MYX
OASIS.KL,OASIS,MYX:OASIS,MYX,OASIS,OASIS.KL,Oasis Harvest Corporation Bhd,Producer Manufacturing,stock,common,MYX
DUTALND.KL,DUTALND,MYX:DUTALND,MYX,DUTALND,DUTALND.KL,DutaLand Bhd.,Process Industries,stock,common,MYX
PTT.KL,PTT,MYX:PTT,MYX,PTT,PTT.KL,PTT Synergy Group Bhd.,Distribution Services,stock,common,MYX
SMI.KL,SMI,MYX:SMI,MYX,SMI,SMI.KL,South Malaysia Industries Bhd.,Producer Manufacturing,stock,common,MYX
OWG.KL,OWG,MYX:OWG,MYX,OWG,OWG.KL,Only World Group Holdings Bhd.,Consumer Services,stock,common,MYX
MUDAJYA.KL,MUDAJYA,MYX:MUDAJYA,MYX,MUDAJYA,MUDAJYA.KL,Mudajaya Group Bhd.,Industrial Services,stock,common,MYX
TOMEI.KL,TOMEI,MYX:TOMEI,MYX,TOMEI,TOMEI.KL,Tomei Consolidated Bhd.,Consumer Durables,stock,common,MYX
TAWIN.KL,TAWIN,MYX:TAWIN,MYX,TAWIN,TAWIN.KL,TA Win Holdings Bhd.,Non-Energy Minerals,stock,common,MYX
TURIYA.KL,TURIYA,MYX:TURIYA,MYX,TURIYA,TURIYA.KL,Turiya Bhd.,Electronic Technology,stock,common,MYX
KAMDAR.KL,KAMDAR,MYX:KAMDAR,MYX,KAMDAR,KAMDAR.KL,Kamdar Group (M) Bhd.,Retail Trade,stock,common,MYX
TCS.KL,TCS,MYX:TCS,MYX,TCS,TCS.KL,TCS Group Holdings Bhd,Consumer Durables,stock,common,MYX
MICROLN.KL,MICROLN,MYX:MICROLN,MYX,MICROLN,MICROLN.KL,Microlink Solutions Bhd.,Distribution Services,stock,common,MYX
NSOP.KL,NSOP,MYX:NSOP,MYX,NSOP,NSOP.KL,Negri Sembilan Oil Palms Bhd.,Process Industries,stock,common,MYX
PWF.KL,PWF,MYX:PWF,MYX,PWF,PWF.KL,PWF Corp. Bhd.,Process Industries,stock,common,MYX
MFGROUP.KL,MFGROUP,MYX:MFGROUP,MYX,MFGROUP,MFGROUP.KL,Manforce Group Bhd.,Commercial Services,stock,common,MYX
CHEETAH.KL,CHEETAH,MYX:CHEETAH,MYX,CHEETAH,CHEETAH.KL,Cheetah Holdings Bhd.,Consumer Non-Durables,stock,common,MYX
EURO.KL,EURO,MYX:EURO,MYX,EURO,EURO.KL,Euro Holdings Bhd.,Consumer Durables,stock,common,MYX
SURIA.KL,SURIA,MYX:SURIA,MYX,SURIA,SURIA.KL,Suria Capital Holdings Bhd.,Transportation,stock,common,MYX
G3.KL,G3,MYX:G3,MYX,G3,G3.KL,G3 Global Bhd,Technology Services,stock,common,MYX
POHUAT.KL,POHUAT,MYX:POHUAT,MYX,POHUAT,POHUAT.KL,Poh Huat Resources Holdings Bhd.,Producer Manufacturing,stock,common,MYX
KIMHIN.KL,KIMHIN,MYX:KIMHIN,MYX,KIMHIN,KIMHIN.KL,Kim Hin Industry Bhd.,Producer Manufacturing,stock,common,MYX
PBSB.KL,PBSB,MYX:PBSB,MYX,PBSB,PBSB.KL,PBS Bhd,Transportation,stock,common,MYX
OIB.KL,OIB,MYX:OIB,MYX,OIB,OIB.KL,Oriental Interest Bhd.,Industrial Services,stock,common,MYX
BWYS.KL,BWYS,MYX:BWYS,MYX,BWYS,BWYS.KL,BWYS Group Bhd,Producer Manufacturing,stock,common,MYX
ASTINO.KL,ASTINO,MYX:ASTINO,MYX,ASTINO,ASTINO.KL,Astino Bhd.,Producer Manufacturing,stock,common,MYX
OCNCASH.KL,OCNCASH,MYX:OCNCASH,MYX,OCNCASH,OCNCASH.KL,Oceancash Pacific Bhd.,Process Industries,stock,common,MYX
XINHWA.KL,XINHWA,MYX:XINHWA,MYX,XINHWA,XINHWA.KL,Xin Hwa Holdings Bhd.,Transportation,stock,common,MYX
SMART.KL,SMART,MYX:SMART,MYX,SMART,SMART.KL,Smart Asia Chemical Bhd,Process Industries,stock,common,MYX
BJASSET.KL,BJASSET,MYX:BJASSET,MYX,BJASSET,BJASSET.KL,Berjaya Assets Bhd.,Consumer Services,stock,common,MYX
MAXLAND.KL,MAXLAND,MYX:MAXLAND,MYX,MAXLAND,MAXLAND.KL,Maxland Bhd,Non-Energy Minerals,stock,common,MYX
GOB.KL,GOB,MYX:GOB,MYX,GOB,GOB.KL,Global Oriental Bhd.,Finance,stock,common,MYX
ASIAPAC.KL,ASIAPAC,MYX:ASIAPAC,MYX,ASIAPAC,ASIAPAC.KL,Asian Pac Holdings Bhd.,Finance,stock,common,MYX
SPRING.KL,SPRING,MYX:SPRING,MYX,SPRING,SPRING.KL,Spring Art Holdings Bhd,Consumer Durables,stock,common,MYX
MENANG.KL,MENANG,MYX:MENANG,MYX,MENANG,MENANG.KL,Menang Corporation (M) Berhad,Industrial Services,stock,common,MYX
GLBHD.KL,GLBHD,MYX:GLBHD,MYX,GLBHD,GLBHD.KL,Golden Land Bhd.,Finance,stock,common,MYX
HPMT.KL,HPMT,MYX:HPMT,MYX,HPMT,HPMT.KL,HPMT Holdings Bhd.,Producer Manufacturing,stock,common,MYX
TNLOGIS.KL,TNLOGIS,MYX:TNLOGIS,MYX,TNLOGIS,TNLOGIS.KL,Tiong Nam Logistics Holdings Bhd.,Transportation,stock,common,MYX
DSS.KL,DSS,MYX:DSS,MYX,DSS,DSS.KL,DS Sigma Holdings Berhad,Process Industries,stock,common,MYX
JADI.KL,JADI,MYX:JADI,MYX,JADI,JADI.KL,Jadi Imaging Holdings Bhd.,Process Industries,stock,common,MYX
PUC.KL,PUC,MYX:PUC,MYX,PUC,PUC.KL,PUC Bhd,Commercial Services,stock,common,MYX
INSPACE.KL,INSPACE,MYX:INSPACE,MYX,INSPACE,INSPACE.KL,Inspace Creation Berhad,Commercial Services,stock,common,MYX
LUSTER.KL,LUSTER,MYX:LUSTER,MYX,LUSTER,LUSTER.KL,Luster Industries Bhd.,Producer Manufacturing,stock,common,MYX
MEDIA.KL,MEDIA,MYX:MEDIA,MYX,MEDIA,MEDIA.KL,Media Prima Bhd.,Consumer Services,stock,common,MYX
OLYMPIA.KL,OLYMPIA,MYX:OLYMPIA,MYX,OLYMPIA,OLYMPIA.KL,Olympia Industries Bhd.,Consumer Services,stock,common,MYX
MTRONIC.KL,MTRONIC,MYX:MTRONIC,MYX,MTRONIC,MTRONIC.KL,Metronic Global Bhd.,Technology Services,stock,common,MYX
FINTEC.KL,FINTEC,MYX:FINTEC,MYX,FINTEC,FINTEC.KL,Fintec Global Bhd,Commercial Services,stock,common,MYX
KNUSFOR.KL,KNUSFOR,MYX:KNUSFOR,MYX,KNUSFOR,KNUSFOR.KL,Knusford Bhd.,Industrial Services,stock,common,MYX
SANICHI.KL,SANICHI,MYX:SANICHI,MYX,SANICHI,SANICHI.KL,Sanichi Technology Bhd.,Producer Manufacturing,stock,common,MYX
XIN.KL,XIN,MYX:XIN,MYX,XIN,XIN.KL,XIN Synergy Grp Bhd,Non-Energy Minerals,stock,common,MYX
PARLO.KL,PARLO,MYX:PARLO,MYX,PARLO,PARLO.KL,Parlo Bhd,Consumer Services,stock,common,MYX
IDEAL.KL,IDEAL,MYX:IDEAL,MYX,IDEAL,IDEAL.KL,Ideal Capital Berhad,Finance,stock,common,MYX
DOMINAN.KL,DOMINAN,MYX:DOMINAN,MYX,DOMINAN,DOMINAN.KL,Dominant Enterprise Bhd.,Non-Energy Minerals,stock,common,MYX
ECM.KL,ECM,MYX:ECM,MYX,ECM,ECM.KL,ECM Libra Group Bhd.,Consumer Services,stock,common,MYX
LTKM.KL,LTKM,MYX:LTKM,MYX,LTKM,LTKM.KL,LTKM Bhd.,Process Industries,stock,common,MYX
CVIEW.KL,CVIEW,MYX:CVIEW,MYX,CVIEW,CVIEW.KL,Country View Bhd.,Finance,stock,common,MYX
APB.KL,APB,MYX:APB,MYX,APB,APB.KL,APB Resources Bhd.,Producer Manufacturing,stock,common,MYX
DIGISTA.KL,DIGISTA,MYX:DIGISTA,MYX,DIGISTA,DIGISTA.KL,Digistar Corp. Bhd.,Industrial Services,stock,common,MYX
SHCHAN.KL,SHCHAN,MYX:SHCHAN,MYX,SHCHAN,SHCHAN.KL,Sin Heng Chan (Malaya) Bhd.,Process Industries,stock,common,MYX
RKI.KL,RKI,MYX:RKI,MYX,RKI,RKI.KL,Rhong Khen International Bhd,Consumer Durables,stock,common,MYX
LIENHOE.KL,LIENHOE,MYX:LIENHOE,MYX,LIENHOE,LIENHOE.KL,Lien Hoe Corp. Bhd.,Consumer Services,stock,common,MYX
ALCOM.KL,ALCOM,MYX:ALCOM,MYX,ALCOM,ALCOM.KL,Alcom Group Bhd.,Non-Energy Minerals,stock,common,MYX
ROHAS.KL,ROHAS,MYX:ROHAS,MYX,ROHAS,ROHAS.KL,Rohas Tecnic Bhd.,Producer Manufacturing,stock,common,MYX
NETX.KL,NETX,MYX:NETX,MYX,NETX,NETX.KL,NetX Holdings Bhd.,Technology Services,stock,common,MYX
LAND33.KL,LAND33,MYX:LAND33,MYX,LAND33,LAND33.KL,Land 33 Berhad,Finance,stock,common,MYX
TIENWAH.KL,TIENWAH,MYX:TIENWAH,MYX,TIENWAH,TIENWAH.KL,Tien Wah Press Holdings Bhd.,Commercial Services,stock,common,MYX
PEOPLE.KL,PEOPLE,MYX:PEOPLE,MYX,PEOPLE,PEOPLE.KL,PEOPLElogy Bhd,Technology Services,stock,common,MYX
BTECH.KL,BTECH,MYX:BTECH,MYX,BTECH,BTECH.KL,Brite-Tech Bhd.,Industrial Services,stock,common,MYX
ATLAN.KL,ATLAN,MYX:ATLAN,MYX,ATLAN,ATLAN.KL,Atlan Holdings Bhd.,Commercial Services,stock,common,MYX
SDRED.KL,SDRED,MYX:SDRED,MYX,SDRED,SDRED.KL,Selangor Dredging Bhd.,Finance,stock,common,MYX
ASM.KL,ASM,MYX:ASM,MYX,ASM,ASM.KL,ASM Automation Group Berhad,Producer Manufacturing,stock,common,MYX
MNC.KL,MNC,MYX:MNC,MYX,MNC,MNC.KL,MNC Wireless Bhd.,Communications,stock,common,MYX
BDB.KL,BDB,MYX:BDB,MYX,BDB,BDB.KL,Bina Darulaman Bhd.,Industrial Services,stock,common,MYX
ALRICH.KL,ALRICH,MYX:ALRICH,MYX,ALRICH,ALRICH.KL,Aldrich Resources Bhd,Commercial Services,stock,common,MYX
SAPIND.KL,SAPIND,MYX:SAPIND,MYX,SAPIND,SAPIND.KL,Sapura Industrial Bhd.,Producer Manufacturing,stock,common,MYX
FLBHD.KL,FLBHD,MYX:FLBHD,MYX,FLBHD,FLBHD.KL,Focus Lumber Bhd.,Producer Manufacturing,stock,common,MYX
IGBCR.KL,IGBCR,MYX:IGBCR,MYX,IGBCR,IGBCR.KL,IGB Commercial Real Estate Investment Trust,Finance,stock,common,MYX
YXPM.KL,YXPM,MYX:YXPM,MYX,YXPM,YXPM.KL,YX Precious Metals Bhd,Consumer Durables,stock,common,MYX
LANDMRK.KL,LANDMRK,MYX:LANDMRK,MYX,LANDMRK,LANDMRK.KL,Landmarks Bhd.,Consumer Services,stock,common,MYX
CATCHA.KL,CATCHA,MYX:CATCHA,MYX,CATCHA,CATCHA.KL,Catcha Digital Bhd,Commercial Services,stock,common,MYX
FAMIERA.KL,FAMIERA,MYX:FAMIERA,MYX,FAMIERA,FAMIERA.KL,Farmiera Bhd.,Process Industries,stock,common,MYX
TRIVE.KL,TRIVE,MYX:TRIVE,MYX,TRIVE,TRIVE.KL,Trive Property Group Bhd.,Electronic Technology,stock,common,MYX
BOXPAK.KL,BOXPAK,MYX:BOXPAK,MYX,BOXPAK,BOXPAK.KL,Box-Pak (Malaysia) Bhd.,Process Industries,stock,common,MYX
KITACON.KL,KITACON,MYX:KITACON,MYX,KITACON,KITACON.KL,Kumpulan Kitacon Berhad,Consumer Durables,stock,common,MYX
CHHB.KL,CHHB,MYX:CHHB,MYX,CHHB,CHHB.KL,Country Heights Holdings Bhd.,Finance,stock,common,MYX
AEM.KL,AEM,MYX:AEM,MYX,AEM,AEM.KL,AE Multi Holdings Bhd.,Electronic Technology,stock,common,MYX
DGB.KL,DGB,MYX:DGB,MYX,DGB,DGB.KL,DGB Asia Bhd,Consumer Services,stock,common,MYX
ENRA.KL,ENRA,MYX:ENRA,MYX,ENRA,ENRA.KL,ENRA Group Bhd.,Commercial Services,stock,common,MYX
TOPMIX.KL,TOPMIX,MYX:TOPMIX,MYX,TOPMIX,TOPMIX.KL,Topmix Bhd,Producer Manufacturing,stock,common,MYX
ADVCON.KL,ADVCON,MYX:ADVCON,MYX,ADVCON,ADVCON.KL,Advancecon Holdings Bhd.,Industrial Services,stock,common,MYX
KKB.KL,KKB,MYX:KKB,MYX,KKB,KKB.KL,KKB Engineering Bhd.,Non-Energy Minerals,stock,common,MYX
SYNERGY.KL,SYNERGY,MYX:SYNERGY,MYX,SYNERGY,SYNERGY.KL,Synergy House Bhd,Consumer Durables,stock,common,MYX
KGROUP.KL,KGROUP,MYX:KGROUP,MYX,KGROUP,KGROUP.KL,Key Alliance Group Berhad,Consumer Durables,stock,common,MYX
REKATECH.KL,REKATECH,MYX:REKATECH,MYX,REKATECH,REKATECH.KL,Rekatech Capital Bhd,Commercial Services,stock,common,MYX
HOMERIZ.KL,HOMERIZ,MYX:HOMERIZ,MYX,HOMERIZ,HOMERIZ.KL,Homeritz Corp. Bhd.,Consumer Durables,stock,common,MYX
YONGTAI.KL,YONGTAI,MYX:YONGTAI,MYX,YONGTAI,YONGTAI.KL,Yong Tai Bhd.,Finance,stock,common,MYX
MUDA.KL,MUDA,MYX:MUDA,MYX,MUDA,MUDA.KL,Muda Holdings Bhd.,Process Industries,stock,common,MYX
FM.KL,FM,MYX:FM,MYX,FM,FM.KL,FM Global Logistics Holdings Bhd,Transportation,stock,common,MYX
VELOCITY.KL,VELOCITY,MYX:VELOCITY,MYX,VELOCITY,VELOCITY.KL,VELOCITY CAPITAL PARTNER Bhd,Producer Manufacturing,stock,common,MYX
JOHAN.KL,JOHAN,MYX:JOHAN,MYX,JOHAN,JOHAN.KL,Johan Holdings Bhd.,Finance,stock,common,MYX
ENCORP.KL,ENCORP,MYX:ENCORP,MYX,ENCORP,ENCORP.KL,Encorp Bhd.,Finance,stock,common,MYX
CNASIA.KL,CNASIA,MYX:CNASIA,MYX,CNASIA,CNASIA.KL,CN Asia Corporation Bhd.,Producer Manufacturing,stock,common,MYX
PLS.KL,PLS,MYX:PLS,MYX,PLS,PLS.KL,PLS Plantations Bhd.,Industrial Services,stock,common,MYX
GCE.KL,GCE,MYX:GCE,MYX,GCE,GCE.KL,Grand Central Enterprises Bhd.,Consumer Services,stock,common,MYX
JOE.KL,JOE,MYX:JOE,MYX,JOE,JOE.KL,Joe Holding Bhd.,Consumer Durables,stock,common,MYX
GBGAQRS.KL,GBGAQRS,MYX:GBGAQRS,MYX,GBGAQRS,GBGAQRS.KL,Gabungan AQRS Bhd.,Industrial Services,stock,common,MYX
OFB.KL,OFB,MYX:OFB,MYX,OFB,OFB.KL,Ocean Fresh Bhd.,Consumer Non-Durables,stock,common,MYX
VINVEST.KL,VINVEST,MYX:VINVEST,MYX,VINVEST,VINVEST.KL,Vinvest Capital Holdings Bhd,Industrial Services,stock,common,MYX
COLFORM.KL,COLFORM,MYX:COLFORM,MYX,COLFORM,COLFORM.KL,Colform Group Berhad,Non-Energy Minerals,stock,common,MYX
VTC.KL,VTC,MYX:VTC,MYX,VTC,VTC.KL,VETECE Holdings Berhad,Technology Services,stock,common,MYX
SERNKOU.KL,SERNKOU,MYX:SERNKOU,MYX,SERNKOU,SERNKOU.KL,Sern Kou Resources Bhd.,Consumer Durables,stock,common,MYX
SWSCAP.KL,SWSCAP,MYX:SWSCAP,MYX,SWSCAP,SWSCAP.KL,SWS Capital Bhd.,Consumer Durables,stock,common,MYX
WIDAD.KL,WIDAD,MYX:WIDAD,MYX,WIDAD,WIDAD.KL,Widad Group Bhd.,Consumer Services,stock,common,MYX
HOHUP.KL,HOHUP,MYX:HOHUP,MYX,HOHUP,HOHUP.KL,Ho Hup Construction Co. Bhd.,Finance,stock,common,MYX
OVERSEA.KL,OVERSEA,MYX:OVERSEA,MYX,OVERSEA,OVERSEA.KL,Oversea Enterprise Bhd.,Consumer Services,stock,common,MYX
SG.KL,SG,MYX:SG,MYX,SG,SG.KL,Saudigold Group Bhd,Consumer Non-Durables,stock,common,MYX
LOTUS.KL,LOTUS,MYX:LOTUS,MYX,LOTUS,LOTUS.KL,Lotus Kfm Bhd,Process Industries,stock,common,MYX
ARKA.KL,ARKA,MYX:ARKA,MYX,ARKA,ARKA.KL,ARKA Bhd,Commercial Services,stock,common,MYX
ZELAN.KL,ZELAN,MYX:ZELAN,MYX,ZELAN,ZELAN.KL,Zelan Bhd.,Industrial Services,stock,common,MYX
WTHORSE.KL,WTHORSE,MYX:WTHORSE,MYX,WTHORSE,WTHORSE.KL,White Horse Bhd.,Producer Manufacturing,stock,common,MYX
SALIRAN.KL,SALIRAN,MYX:SALIRAN,MYX,SALIRAN,SALIRAN.KL,Saliran Group Bhd,Distribution Services,stock,common,MYX
FIHB.KL,FIHB,MYX:FIHB,MYX,FIHB,FIHB.KL,Federal International Holdings Bhd.,Consumer Durables,stock,common,MYX
ENGKAH.KL,ENGKAH,MYX:ENGKAH,MYX,ENGKAH,ENGKAH.KL,Eng Kah Corp. Bhd.,Consumer Non-Durables,stock,common,MYX
FAREAST.KL,FAREAST,MYX:FAREAST,MYX,FAREAST,FAREAST.KL,Far East Holdings Bhd.,Process Industries,stock,common,MYX
ADVENTA.KL,ADVENTA,MYX:ADVENTA,MYX,ADVENTA,ADVENTA.KL,Adventa Bhd.,Distribution Services,stock,common,MYX
AASIA.KL,AASIA,MYX:AASIA,MYX,AASIA,AASIA.KL,Astral Asia Bhd.,Process Industries,stock,common,MYX
OCB.KL,OCB,MYX:OCB,MYX,OCB,OCB.KL,OCB Bhd.,Distribution Services,stock,common,MYX
LIONPSIM.KL,LIONPSIM,MYX:LIONPSIM,MYX,LIONPSIM,LIONPSIM.KL,Lion Posim Bhd.,Non-Energy Minerals,stock,common,MYX
PPHB.KL,PPHB,MYX:PPHB,MYX,PPHB,PPHB.KL,Public Packages Holdings Bhd.,Process Industries,stock,common,MYX
SUBUR.KL,SUBUR,MYX:SUBUR,MYX,SUBUR,SUBUR.KL,Subur Tiasa Holdings Bhd.,Non-Energy Minerals,stock,common,MYX
YLI.KL,YLI,MYX:YLI,MYX,YLI,YLI.KL,YLI Holdings Bhd.,Producer Manufacturing,stock,common,MYX
KEINHIN.KL,KEINHIN,MYX:KEINHIN,MYX,KEINHIN,KEINHIN.KL,Kein Hing International Bhd.,Producer Manufacturing,stock,common,MYX
ALSREIT.KL,ALSREIT,MYX:ALSREIT,MYX,ALSREIT,ALSREIT.KL,Al-Salam Real Estate Investment Trust,Finance,stock,common,MYX
BERTAM.KL,BERTAM,MYX:BERTAM,MYX,BERTAM,BERTAM.KL,Bertam Alliance Bhd.,Consumer Durables,stock,common,MYX
MLAB.KL,MLAB,MYX:MLAB,MYX,MLAB,MLAB.KL,Mlabs Systems Bhd.,Consumer Durables,stock,common,MYX
PASDEC.KL,PASDEC,MYX:PASDEC,MYX,PASDEC,PASDEC.KL,Pasdec Holdings Bhd.,Finance,stock,common,MYX
BORNOIL.KL,BORNOIL,MYX:BORNOIL,MYX,BORNOIL,BORNOIL.KL,Borneo Oil Bhd.,Consumer Services,stock,common,MYX
CAMAROE.KL,CAMAROE,MYX:CAMAROE,MYX,CAMAROE,CAMAROE.KL,Camaroe Berhad,Process Industries,stock,common,MYX
EVD.KL,EVD,MYX:EVD,MYX,EVD,EVD.KL,EVD Bhd,Technology Services,stock,common,MYX
LYC.KL,LYC,MYX:LYC,MYX,LYC,LYC.KL,LYC Healthcare Bhd.,Technology Services,stock,common,MYX
PRIVA.KL,PRIVA,MYX:PRIVA,MYX,PRIVA,PRIVA.KL,Privasia Technology Bhd.,Technology Services,stock,common,MYX
DANCO.KL,DANCO,MYX:DANCO,MYX,DANCO,DANCO.KL,Dancomech Holdings Bhd,Distribution Services,stock,common,MYX
ARANK.KL,ARANK,MYX:ARANK,MYX,ARANK,ARANK.KL,A-Rank Bhd.,Non-Energy Minerals,stock,common,MYX
PNEPCB.KL,PNEPCB,MYX:PNEPCB,MYX,PNEPCB,PNEPCB.KL,PNE PCB Bhd.,Electronic Technology,stock,common,MYX
MELEWAR.KL,MELEWAR,MYX:MELEWAR,MYX,MELEWAR,MELEWAR.KL,Melewar Industrial Group Bhd.,Non-Energy Minerals,stock,common,MYX
MYNEWS.KL,MYNEWS,MYX:MYNEWS,MYX,MYNEWS,MYNEWS.KL,Mynews Holdings Bhd,Distribution Services,stock,common,MYX
PGB.KL,PGB,MYX:PGB,MYX,PGB,PGB.KL,Propel Global Bhd.,Industrial Services,stock,common,MYX
CAMRES.KL,CAMRES,MYX:CAMRES,MYX,CAMRES,CAMRES.KL,CAM Resources Bhd.,Process Industries,stock,common,MYX
KANGER.KL,KANGER,MYX:KANGER,MYX,KANGER,KANGER.KL,Kanger International Bhd.,Producer Manufacturing,stock,common,MYX
SBCCORP.KL,SBCCORP,MYX:SBCCORP,MYX,SBCCORP,SBCCORP.KL,SBC Corporation Berhad,Finance,stock,common,MYX
SHL.KL,SHL,MYX:SHL,MYX,SHL,SHL.KL,SHL Consolidated Bhd.,Finance,stock,common,MYX
GCAP.KL,GCAP,MYX:GCAP,MYX,GCAP,GCAP.KL,G Capital Bhd.,Transportation,stock,common,MYX
EFFICEN.KL,EFFICEN,MYX:EFFICEN,MYX,EFFICEN,EFFICEN.KL,Efficient E-Solutions Bhd.,Technology Services,stock,common,MYX
GOCEAN.KL,GOCEAN,MYX:GOCEAN,MYX,GOCEAN,GOCEAN.KL,Green Ocean Corp. Bhd.,Process Industries,stock,common,MYX
KYM.KL,KYM,MYX:KYM,MYX,KYM,KYM.KL,KYM Holdings Bhd.,Process Industries,stock,common,MYX
PLYTEC.KL,PLYTEC,MYX:PLYTEC,MYX,PLYTEC,PLYTEC.KL,PLYTEC Holding Berhad,Distribution Services,stock,common,MYX
HWATAI.KL,HWATAI,MYX:HWATAI,MYX,HWATAI,HWATAI.KL,Hwa Tai Industries Bhd.,Consumer Non-Durables,stock,common,MYX
SHH.KL,SHH,MYX:SHH,MYX,SHH,SHH.KL,SHH Resources Holdings Bhd.,Consumer Durables,stock,common,MYX
ONEGLOVE.KL,ONEGLOVE,MYX:ONEGLOVE,MYX,ONEGLOVE,ONEGLOVE.KL,One Glove Group Bhd,Health Technology,stock,common,MYX
ARK.KL,ARK,MYX:ARK,MYX,ARK,ARK.KL,ARK Resources Holdings Bhd.,Industrial Services,stock,common,MYX
XOXNET.KL,XOXNET,MYX:XOXNET,MYX,XOXNET,XOXNET.KL,XOX NETWORKS BERHAD,Consumer Services,stock,common,MYX
PMCORP.KL,PMCORP,MYX:PMCORP,MYX,PMCORP,PMCORP.KL,Pan Malaysia Corp. Bhd.,Consumer Non-Durables,stock,common,MYX
HLT.KL,HLT,MYX:HLT,MYX,HLT,HLT.KL,HLT Global Bhd.,Consumer Non-Durables,stock,common,MYX
UMSNGB.KL,UMSNGB,MYX:UMSNGB,MYX,UMSNGB,UMSNGB.KL,UMS-Neiken Group Bhd.,Producer Manufacturing,stock,common,MYX
BCMALL.KL,BCMALL,MYX:BCMALL,MYX,BCMALL,BCMALL.KL,BCM Alliance Bhd.,Consumer Durables,stock,common,MYX
SLP.KL,SLP,MYX:SLP,MYX,SLP,SLP.KL,SLP Resources Bhd.,Producer Manufacturing,stock,common,MYX
YENHER.KL,YENHER,MYX:YENHER,MYX,YENHER,YENHER.KL,Yenher Holdings Bhd.,Process Industries,stock,common,MYX
MEDIAC.KL,MEDIAC,MYX:MEDIAC,MYX,MEDIAC,MEDIAC.KL,Media Chinese International Ltd,Consumer Services,stock,common,MYX
AIM.KL,AIM,MYX:AIM,MYX,AIM,AIM.KL,Advance Information Marketing Bhd.,Commercial Services,stock,common,MYX
CEKD.KL,CEKD,MYX:CEKD,MYX,CEKD,CEKD.KL,CEKD Bhd,Producer Manufacturing,stock,common,MYX
SASBADI.KL,SASBADI,MYX:SASBADI,MYX,SASBADI,SASBADI.KL,Sasbadi Holdings Bhd,Consumer Services,stock,common,MYX
MERIDIAN.KL,MERIDIAN,MYX:MERIDIAN,MYX,MERIDIAN,MERIDIAN.KL,Meridian Berhad,Finance,stock,common,MYX
MYCRON.KL,MYCRON,MYX:MYCRON,MYX,MYCRON,MYCRON.KL,Mycron Steel Bhd.,Non-Energy Minerals,stock,common,MYX
MTOUCHE.KL,MTOUCHE,MYX:MTOUCHE,MYX,MTOUCHE,MTOUCHE.KL,mTouche Technology Bhd.,Technology Services,stock,common,MYX
Y&G.KL,Y&G,MYX:Y&G,MYX,Y&G,Y&G.KL,Y&G Corporation Bhd.,Finance,stock,common,MYX
LOTUSCIR.KL,LOTUSCIR,MYX:LOTUSCIR,MYX,LOTUSCIR,LOTUSCIR.KL,Lotus Circular Bhd,Retail Trade,stock,common,MYX
OGM.KL,OGM,MYX:OGM,MYX,OGM,OGM.KL,One Gasmaster Holdings Berhad,Commercial Services,stock,common,MYX
MAYU.KL,MAYU,MYX:MAYU,MYX,MAYU,MAYU.KL,MAYU GLOBAL GROUP Bhd,Consumer Durables,stock,common,MYX
PHB.KL,PHB,MYX:PHB,MYX,PHB,PHB.KL,Pegasus Heights Bhd,Distribution Services,stock,common,MYX
PERMAJU.KL,PERMAJU,MYX:PERMAJU,MYX,PERMAJU,PERMAJU.KL,Permaju Industries Bhd.,Retail Trade,stock,common,MYX
ECOHLDS.KL,ECOHLDS,MYX:ECOHLDS,MYX,ECOHLDS,ECOHLDS.KL,Ecobuilt Holdings Bhd.,Industrial Services,stock,common,MYX
BTM.KL,BTM,MYX:BTM,MYX,BTM,BTM.KL,BTM Resources Bhd.,Non-Energy Minerals,stock,common,MYX
WHITMAN.KL,WHITMAN,MYX:WHITMAN,MYX,WHITMAN,WHITMAN.KL,Whitman Holdings Berhad,Finance,stock,common,MYX
LBICAP.KL,LBICAP,MYX:LBICAP,MYX,LBICAP,LBICAP.KL,LBI Capital Bhd.,Finance,stock,common,MYX
HHHCORP.KL,HHHCORP,MYX:HHHCORP,MYX,HHHCORP,HHHCORP.KL,Hiap Huat Holdings Bhd.,Energy Minerals,stock,common,MYX
TEXCYCL.KL,TEXCYCL,MYX:TEXCYCL,MYX,TEXCYCL,TEXCYCL.KL,Tex Cycle Technology (M) Bhd.,Industrial Services,stock,common,MYX
TGL.KL,TGL,MYX:TGL,MYX,TGL,TGL.KL,Teo Guan Lee Corp. Bhd.,Consumer Non-Durables,stock,common,MYX
AORB.KL,AORB,MYX:AORB,MYX,AORB,AORB.KL,Alpha Ocean Resources Bhd.,Process Industries,stock,common,MYX
ESYS.KL,ESYS,MYX:ESYS,MYX,ESYS,ESYS.KL,ESYS Holdings Berhad,Industrial Services,stock,common,MYX
CWG.KL,CWG,MYX:CWG,MYX,CWG,CWG.KL,CWG Holdings Bhd.,Producer Manufacturing,stock,common,MYX
FIBON.KL,FIBON,MYX:FIBON,MYX,FIBON,FIBON.KL,Fibon Bhd.,Process Industries,stock,common,MYX
APEX.KL,APEX,MYX:APEX,MYX,APEX,APEX.KL,Apex Equity Holdings Bhd.,Finance,stock,common,MYX
SYCAL.KL,SYCAL,MYX:SYCAL,MYX,SYCAL,SYCAL.KL,Sycal Ventures Berhad,Non-Energy Minerals,stock,common,MYX
SEB.KL,SEB,MYX:SEB,MYX,SEB,SEB.KL,Seremban Engineering Bhd.,Producer Manufacturing,stock,common,MYX
BENTLEY.KL,BENTLEY,MYX:BENTLEY,MYX,BENTLEY,BENTLEY.KL,Bentley Music Group Berhad,Distribution Services,stock,common,MYX
GPHAROS.KL,GPHAROS,MYX:GPHAROS,MYX,GPHAROS,GPHAROS.KL,Golden Pharos Bhd.,Producer Manufacturing,stock,common,MYX
RTSTECH.KL,RTSTECH,MYX:RTSTECH,MYX,RTSTECH,RTSTECH.KL,RTS Technology Holdings Bhd,Transportation,stock,common,MYX
PTRB.KL,PTRB,MYX:PTRB,MYX,PTRB,PTRB.KL,PT Resources Holdings Bhd.,Consumer Non-Durables,stock,common,MYX
AAI.KL,AAI,MYX:AAI,MYX,AAI,AAI.KL,Associated Air-Pak Industries Berhad,Process Industries,stock,common,MYX
JISHAN.KL,JISHAN,MYX:JISHAN,MYX,JISHAN,JISHAN.KL,Jishan Bhd.,Process Industries,stock,common,MYX
BVLH.KL,BVLH,MYX:BVLH,MYX,BVLH,BVLH.KL,BV Land Holdings Bhd.,Consumer Durables,stock,common,MYX
OMH.KL,OMH,MYX:OMH,MYX,OMH,OMH.KL,OM Holdings Ltd.,Miscellaneous,stock,common,MYX
UTAMA.KL,UTAMA,MYX:UTAMA,MYX,UTAMA,UTAMA.KL,UCI Resources Bhd.,Non-Energy Minerals,stock,common,MYX
SEACERA.KL,SEACERA,MYX:SEACERA,MYX,SEACERA,SEACERA.KL,Seacera Group Bhd.,Producer Manufacturing,stock,common,MYX
GMUTUAL.KL,GMUTUAL,MYX:GMUTUAL,MYX,GMUTUAL,GMUTUAL.KL,Gromutual Bhd.,Finance,stock,common,MYX
MILUX.KL,MILUX,MYX:MILUX,MYX,MILUX,MILUX.KL,Milux Corp. Bhd.,Consumer Durables,stock,common,MYX
EAH.KL,EAH,MYX:EAH,MYX,EAH,EAH.KL,EA Holdings Bhd.,Commercial Services,stock,common,MYX
WARISAN.KL,WARISAN,MYX:WARISAN,MYX,WARISAN,WARISAN.KL,Warisan TC Holdings Bhd.,Commercial Services,stock,common,MYX
CHINWEL.KL,CHINWEL,MYX:CHINWEL,MYX,CHINWEL,CHINWEL.KL,Chin Well Holdings Bhd.,Producer Manufacturing,stock,common,MYX
MERCURY.KL,MERCURY,MYX:MERCURY,MYX,MERCURY,MERCURY.KL,Mercury Industries Bhd,Industrial Services,stock,common,MYX
SUNMOW-PA.KL,SUNMOW-PA,MYX:SUNMOW-PA,MYX,SUNMOW-PA,SUNMOW-PA.KL,Sunmow Holding Bhd Cum-Red Non Conv Pref Registered Shs 2024,Industrial Services,stock,preferred,MYX
SLIC.KL,SLIC,MYX:SLIC,MYX,SLIC,SLIC.KL,SL Innovation Capital Bhd.,Technology Services,stock,common,MYX
KHJB.KL,KHJB,MYX:KHJB,MYX,KHJB,KHJB.KL,Kim Hin Joo (Malaysia) Bhd.,Retail Trade,stock,common,MYX
TASHIN.KL,TASHIN,MYX:TASHIN,MYX,TASHIN,TASHIN.KL,Tashin Holdings Bhd.,Non-Energy Minerals,stock,common,MYX
SAB.KL,SAB,MYX:SAB,MYX,SAB,SAB.KL,Southern Acids (Malaysia) Bhd.,Miscellaneous,stock,common,MYX
SMILE.KL,SMILE,MYX:SMILE,MYX,SMILE,SMILE.KL,Smile-Link Healthcare Global Bhd.,Health Services,stock,common,MYX
EKSONS.KL,EKSONS,MYX:EKSONS,MYX,EKSONS,EKSONS.KL,Eksons Corp. Bhd.,Finance,stock,common,MYX
FCW.KL,FCW,MYX:FCW,MYX,FCW,FCW.KL,FCW Holdings Bhd.,Consumer Non-Durables,stock,common,MYX
DYNAMIC.KL,DYNAMIC,MYX:DYNAMIC,MYX,DYNAMIC,DYNAMIC.KL,Total Dynamic Holdings Bhd,Electronic Technology,stock,common,MYX
MMIS.KL,MMIS,MYX:MMIS,MYX,MMIS,MMIS.KL,MMIS Bhd.,Producer Manufacturing,stock,common,MYX
UMS.KL,UMS,MYX:UMS,MYX,UMS,UMS.KL,UMS Holdings Bhd.,Distribution Services,stock,common,MYX
CCIB.KL,CCIB,MYX:CCIB,MYX,CCIB,CCIB.KL,CC International Bhd.,Commercial Services,stock,common,MYX
MUH.KL,MUH,MYX:MUH,MYX,MUH,MUH.KL,Multi-Usage Holdings Bhd.,Finance,stock,common,MYX
METROD.KL,METROD,MYX:METROD,MYX,METROD,METROD.KL,Metrod Holdings Bhd.,Producer Manufacturing,stock,common,MYX
CME.KL,CME,MYX:CME,MYX,CME,CME.KL,CME Group Bhd.,Consumer Durables,stock,common,MYX
SALCON.KL,SALCON,MYX:SALCON,MYX,SALCON,SALCON.KL,Salcon Bhd.,Distribution Services,stock,common,MYX
FAST.KL,FAST,MYX:FAST,MYX,FAST,FAST.KL,Fast Energy Holdings Bhd,Transportation,stock,common,MYX
JKGLAND.KL,JKGLAND,MYX:JKGLAND,MYX,JKGLAND,JKGLAND.KL,JKG Land Bhd.,Finance,stock,common,MYX
EIG.KL,EIG,MYX:EIG,MYX,EIG,EIG.KL,Esthetics International Group Bhd.,Consumer Services,stock,common,MYX
IDBTECH.KL,IDBTECH,MYX:IDBTECH,MYX,IDBTECH,IDBTECH.KL,IDB Technologies Bhd,Technology Services,stock,common,MYX
LSTEEL.KL,LSTEEL,MYX:LSTEEL,MYX,LSTEEL,LSTEEL.KL,Leader Steel Holdings Bhd.,Non-Energy Minerals,stock,common,MYX
HPI.KL,HPI,MYX:HPI,MYX,HPI,HPI.KL,Hydropipes Bhd.,Producer Manufacturing,stock,common,MYX
SEERS.KL,SEERS,MYX:SEERS,MYX,SEERS,SEERS.KL,Seers Bhd.,Producer Manufacturing,stock,common,MYX
PLB.KL,PLB,MYX:PLB,MYX,PLB,PLB.KL,PLB Engineering Bhd.,Consumer Durables,stock,common,MYX
SCB.KL,SCB,MYX:SCB,MYX,SCB,SCB.KL,Sik Cheong Berhad,Commercial Services,stock,common,MYX
SUNMOW.KL,SUNMOW,MYX:SUNMOW,MYX,SUNMOW,SUNMOW.KL,Sunmow Holding Bhd,Industrial Services,stock,common,MYX
HANDAL.KL,HANDAL,MYX:HANDAL,MYX,HANDAL,HANDAL.KL,Handal Energy Bhd.,Industrial Services,stock,common,MYX
PERTAMA.KL,PERTAMA,MYX:PERTAMA,MYX,PERTAMA,PERTAMA.KL,Pertama Digital Bhd.,Technology Services,stock,common,MYX
NHFATT.KL,NHFATT,MYX:NHFATT,MYX,NHFATT,NHFATT.KL,New Hoong Fatt Holdings Bhd.,Producer Manufacturing,stock,common,MYX
BIPORT.KL,BIPORT,MYX:BIPORT,MYX,BIPORT,BIPORT.KL,Bintulu Port Holdings Bhd.,Transportation,stock,common,MYX
VOLCANO.KL,VOLCANO,MYX:VOLCANO,MYX,VOLCANO,VOLCANO.KL,Volcano Bhd.,Producer Manufacturing,stock,common,MYX
LEBTECH.KL,LEBTECH,MYX:LEBTECH,MYX,LEBTECH,LEBTECH.KL,Lebtech Bhd.,Industrial Services,stock,common,MYX
FACBIND.KL,FACBIND,MYX:FACBIND,MYX,FACBIND,FACBIND.KL,FACB Industries Inc. Bhd.,Consumer Durables,stock,common,MYX
SAFETY.KL,SAFETY,MYX:SAFETY,MYX,SAFETY,SAFETY.KL,Safetyware Group Bhd,Health Technology,stock,common,MYX
AUTORIS.KL,AUTORIS,MYX:AUTORIS,MYX,AUTORIS,AUTORIS.KL,Autoris Group Holdings Bhd,Miscellaneous,stock,common,MYX
SEEHUP.KL,SEEHUP,MYX:SEEHUP,MYX,SEEHUP,SEEHUP.KL,See Hup Consolidated Bhd.,Transportation,stock,common,MYX
MJPERAK.KL,MJPERAK,MYX:MJPERAK,MYX,MJPERAK,MJPERAK.KL,Majuperak Holdings Bhd.,Finance,stock,common,MYX
SNOWFIT.KL,SNOWFIT,MYX:SNOWFIT,MYX,SNOWFIT,SNOWFIT.KL,Snowfit Group Bhd,Retail Trade,stock,common,MYX
LAMBO.KL,LAMBO,MYX:LAMBO,MYX,LAMBO,LAMBO.KL,Lambo Group Bhd.,Distribution Services,stock,common,MYX
BCB.KL,BCB,MYX:BCB,MYX,BCB,BCB.KL,BCB BHD,Finance,stock,common,MYX
POLYDM.KL,POLYDM,MYX:POLYDM,MYX,POLYDM,POLYDM.KL,Polydamic Group Bhd.,Electronic Technology,stock,common,MYX
TSIC.KL,TSIC,MYX:TSIC,MYX,TSIC,TSIC.KL,TSiC Bhd.,Miscellaneous,stock,common,MYX
ORNA.KL,ORNA,MYX:ORNA,MYX,ORNA,ORNA.KL,Ornapaper Bhd.,Process Industries,stock,common,MYX
ASDION.KL,ASDION,MYX:ASDION,MYX,ASDION,ASDION.KL,Asdion Bhd.,Transportation,stock,common,MYX
IMASPRO.KL,IMASPRO,MYX:IMASPRO,MYX,IMASPRO,IMASPRO.KL,Imaspro Corp. Bhd.,Process Industries,stock,common,MYX
MMM.KL,MMM,MYX:MMM,MYX,MMM,MMM.KL,MMM Group Berhad,Commercial Services,stock,common,MYX
JAYCORP.KL,JAYCORP,MYX:JAYCORP,MYX,JAYCORP,JAYCORP.KL,Jaycorp Berhad,Consumer Durables,stock,common,MYX
HEXTECH.KL,HEXTECH,MYX:HEXTECH,MYX,HEXTECH,HEXTECH.KL,Hextar Technologies Solutions Berhad.,Distribution Services,stock,common,MYX
DKLS.KL,DKLS,MYX:DKLS,MYX,DKLS,DKLS.KL,DKLS Industries Bhd.,Non-Energy Minerals,stock,common,MYX
DYNAFNT.KL,DYNAFNT,MYX:DYNAFNT,MYX,DYNAFNT,DYNAFNT.KL,Dynafront Holdings Bhd.,Technology Services,stock,common,MYX
RHONEMA.KL,RHONEMA,MYX:RHONEMA,MYX,RHONEMA,RHONEMA.KL,Rhone Ma Holdings Bhd.,Process Industries,stock,common,MYX
SGBHD.KL,SGBHD,MYX:SGBHD,MYX,SGBHD,SGBHD.KL,Supergenics Bhd,Industrial Services,stock,common,MYX
MYAXIS.KL,MYAXIS,MYX:MYAXIS,MYX,MYAXIS,MYAXIS.KL,MyAxis Group Bhd.,Consumer Non-Durables,stock,common,MYX
TSRCAP.KL,TSRCAP,MYX:TSRCAP,MYX,TSRCAP,TSRCAP.KL,TSR Capital Bhd.,Industrial Services,stock,common,MYX
SINKUNG.KL,SINKUNG,MYX:SINKUNG,MYX,SINKUNG,SINKUNG.KL,Sin-Kung Logistics Bhd.,Transportation,stock,common,MYX
SCC.KL,SCC,MYX:SCC,MYX,SCC,SCC.KL,SCC Holdings Bhd.,Distribution Services,stock,common,MYX
ECEXCEL.KL,ECEXCEL,MYX:ECEXCEL,MYX,ECEXCEL,ECEXCEL.KL,EC Excel Holdings Berhad,Non-Energy Minerals,stock,common,MYX
DSR.KL,DSR,MYX:DSR,MYX,DSR,DSR.KL,DSR Taiko Bhd,Process Industries,stock,common,MYX
ESAFE.KL,ESAFE,MYX:ESAFE,MYX,ESAFE,ESAFE.KL,Eversafe Rubber Bhd.,Consumer Durables,stock,common,MYX
TWRREIT.KL,TWRREIT,MYX:TWRREIT,MYX,TWRREIT,TWRREIT.KL,Tower Real Estate Investment Trust,Finance,stock,common,MYX
AGRICOR.KL,AGRICOR,MYX:AGRICOR,MYX,AGRICOR,AGRICOR.KL,Agricore CS Holdings Bhd,Distribution Services,stock,common,MYX
HIL.KL,HIL,MYX:HIL,MYX,HIL,HIL.KL,HIL Industries Bhd.,Producer Manufacturing,stock,common,MYX
AFUJIYA.KL,AFUJIYA,MYX:AFUJIYA,MYX,AFUJIYA,AFUJIYA.KL,ABM Fujiya Bhd.,Consumer Durables,stock,common,MYX
P&O.KL,P&O,MYX:P&O,MYX,P&O,P&O.KL,Pacific & Orient Bhd.,Finance,stock,common,MYX
MYTECH.KL,MYTECH,MYX:MYTECH,MYX,MYTECH,MYTECH.KL,MyTech Group Berhad,Producer Manufacturing,stock,common,MYX
HPPHB.KL,HPPHB,MYX:HPPHB,MYX,HPPHB,HPPHB.KL,HPP Holdings Bhd,Process Industries,stock,common,MYX
YONGTAI-PA.KL,YONGTAI-PA,MYX:YONGTAI-PA,MYX,YONGTAI-PA,YONGTAI-PA.KL,Yong Tai Bhd Irred Conv Pref Registered 2016-27.11.26,Finance,stock,preferred,MYX
PEB.KL,PEB,MYX:PEB,MYX,PEB,PEB.KL,Pimpinan Ehsan Berhad,Finance,stock,common,MYX
EMICO.KL,EMICO,MYX:EMICO,MYX,EMICO,EMICO.KL,Emico Holdings Bhd.,Producer Manufacturing,stock,common,MYX
AURORA.KL,AURORA,MYX:AURORA,MYX,AURORA,AURORA.KL,Aurora Italia International Bhd.,Consumer Durables,stock,common,MYX
DPIH.KL,DPIH,MYX:DPIH,MYX,DPIH,DPIH.KL,DPI Holdings Bhd.,Process Industries,stock,common,MYX
LKL.KL,LKL,MYX:LKL,MYX,LKL,LKL.KL,LKL International Bhd.,Health Technology,stock,common,MYX
UPA.KL,UPA,MYX:UPA,MYX,UPA,UPA.KL,UPA Corporation Bhd.,Process Industries,stock,common,MYX
AMLEX.KL,AMLEX,MYX:AMLEX,MYX,AMLEX,AMLEX.KL,Amlex Holdings Bhd.,Electronic Technology,stock,common,MYX
TRIMODE.KL,TRIMODE,MYX:TRIMODE,MYX,TRIMODE,TRIMODE.KL,Tri-Mode System (M) Bhd.,Transportation,stock,common,MYX
JCBNEXT.KL,JCBNEXT,MYX:JCBNEXT,MYX,JCBNEXT,JCBNEXT.KL,JcbNext Bhd.,Commercial Services,stock,common,MYX
WOODLAN.KL,WOODLAN,MYX:WOODLAN,MYX,WOODLAN,WOODLAN.KL,Woodlandor Holdings Bhd.,Non-Energy Minerals,stock,common,MYX
DFCITY.KL,DFCITY,MYX:DFCITY,MYX,DFCITY,DFCITY.KL,DFCITY Group Bhd.,Non-Energy Minerals,stock,common,MYX
MCOM.KL,MCOM,MYX:MCOM,MYX,MCOM,MCOM.KL,MCOM Holdings Berhad,Commercial Services,stock,common,MYX
RPLANET.KL,RPLANET,MYX:RPLANET,MYX,RPLANET,RPLANET.KL,RedPlanet Bhd,Industrial Services,stock,common,MYX
TJSETIA.KL,TJSETIA,MYX:TJSETIA,MYX,TJSETIA,TJSETIA.KL,Tuju Setia Bhd.,Industrial Services,stock,common,MYX
MILOLO.KL,MILOLO,MYX:MILOLO,MYX,MILOLO,MILOLO.KL,Milolo Berhad,Commercial Services,stock,common,MYX
UNIWALL.KL,UNIWALL,MYX:UNIWALL,MYX,UNIWALL,UNIWALL.KL,Uni Wall Aps Holdings Bhd,Distribution Services,stock,common,MYX
TPC.KL,TPC,MYX:TPC,MYX,TPC,TPC.KL,TPC Plus Bhd.,Consumer Non-Durables,stock,common,MYX
KIALIM.KL,KIALIM,MYX:KIALIM,MYX,KIALIM,KIALIM.KL,Kia Lim Bhd.,Non-Energy Minerals,stock,common,MYX
KHIND.KL,KHIND,MYX:KHIND,MYX,KHIND,KHIND.KL,Khind Holdings Bhd.,Consumer Durables,stock,common,MYX
0469.KL,0469,MYX:0469,MYX,0469,0469.KL,GTA HOLDINGS BERHAD,Transportation,stock,common,MYX
MSNIAGA.KL,MSNIAGA,MYX:MSNIAGA,MYX,MSNIAGA,MSNIAGA.KL,Mesiniaga Bhd.,Technology Services,stock,common,MYX
ZENTECH.KL,ZENTECH,MYX:ZENTECH,MYX,ZENTECH,ZENTECH.KL,Zen Tech International Bhd,Producer Manufacturing,stock,common,MYX
SANCY.KL,SANCY,MYX:SANCY,MYX,SANCY,SANCY.KL,Sancy Bhd,Technology Services,stock,common,MYX
BIMOFFICE.KL,BIMOFFICE,MYX:BIMOFFICE,MYX,BIMOFFICE,BIMOFFICE.KL,BIMOffice Group Bhd.,Technology Services,stock,common,MYX
NOESIS.KL,NOESIS,MYX:NOESIS,MYX,NOESIS,NOESIS.KL,Noesis Exed Berhad,Commercial Services,stock,common,MYX
S&FCAP.KL,S&FCAP,MYX:S&FCAP,MYX,S&FCAP,S&FCAP.KL,S & F Capital Bhd.,Non-Energy Minerals,stock,common,MYX
AMTEL.KL,AMTEL,MYX:AMTEL,MYX,AMTEL,AMTEL.KL,Amtel Holdings Bhd.,Technology Services,stock,common,MYX
SMTRACK.KL,SMTRACK,MYX:SMTRACK,MYX,SMTRACK,SMTRACK.KL,SMTrack Bhd.,Electronic Technology,stock,common,MYX
TURBO.KL,TURBO,MYX:TURBO,MYX,TURBO,TURBO.KL,Turbo-Mech Bhd.,Distribution Services,stock,common,MYX
LEESK.KL,LEESK,MYX:LEESK,MYX,LEESK,LEESK.KL,Lee Swee Kiat Group Bhd.,Non-Energy Minerals,stock,common,MYX
CHGP.KL,CHGP,MYX:CHGP,MYX,CHGP,CHGP.KL,Chin Hin Group Property Bhd.,Consumer Durables,stock,common,MYX
FLEXI.KL,FLEXI,MYX:FLEXI,MYX,FLEXI,FLEXI.KL,Flexidynamic Holdings Bhd,Producer Manufacturing,stock,common,MYX
GREENTEC.KL,GREENTEC,MYX:GREENTEC,MYX,GREENTEC,GREENTEC.KL,Greentronics Technology Berhad,Industrial Services,stock,common,MYX
TPTEC.KL,TPTEC,MYX:TPTEC,MYX,TPTEC,TPTEC.KL,TP Tec Holding Bhd.,Distribution Services,stock,common,MYX
BABA.KL,BABA,MYX:BABA,MYX,BABA,BABA.KL,Baba Eco Group Bhd,Producer Manufacturing,stock,common,MYX
NP.KL,NP,MYX:NP,MYX,NP,NP.KL,Novelplus Technology Bhd,Technology Services,stock,common,MYX
AYER.KL,AYER,MYX:AYER,MYX,AYER,AYER.KL,AYER Holdings Bhd,Finance,stock,common,MYX
CETECH.KL,CETECH,MYX:CETECH,MYX,CETECH,CETECH.KL,CE Technology Bhd.,Producer Manufacturing,stock,common,MYX
EUROSP.KL,EUROSP,MYX:EUROSP,MYX,EUROSP,EUROSP.KL,Eurospan Holdings Bhd.,Consumer Durables,stock,common,MYX
OMAI.KL,OMAI,MYX:OMAI,MYX,OMAI,OMAI.KL,Openmove AI Berhad,Technology Services,stock,common,MYX
ETA.KL,ETA,MYX:ETA,MYX,ETA,ETA.KL,ETA Group Berhad,Consumer Non-Durables,stock,common,MYX
KEN.KL,KEN,MYX:KEN,MYX,KEN,KEN.KL,Ken Holdings Bhd.,Industrial Services,stock,common,MYX
SIGN.KL,SIGN,MYX:SIGN,MYX,SIGN,SIGN.KL,Signature International Bhd.,Miscellaneous,stock,common,MYX
JAGAAPP.KL,JAGAAPP,MYX:JAGAAPP,MYX,JAGAAPP,JAGAAPP.KL,Jagasolution Berhad,Technology Services,stock,common,MYX
SMISCOR.KL,SMISCOR,MYX:SMISCOR,MYX,SMISCOR,SMISCOR.KL,SMIS Corp. Bhd.,Producer Manufacturing,stock,common,MYX
WATTA.KL,WATTA,MYX:WATTA,MYX,WATTA,WATTA.KL,Watta Holding Bhd.,Distribution Services,stock,common,MYX
EIB.KL,EIB,MYX:EIB,MYX,EIB,EIB.KL,Ecoscience International Bhd.,Industrial Services,stock,common,MYX
MELATI.KL,MELATI,MYX:MELATI,MYX,MELATI,MELATI.KL,Melati Ehsan Holdings Bhd.,Industrial Services,stock,common,MYX
PINEAPP.KL,PINEAPP,MYX:PINEAPP,MYX,PINEAPP,PINEAPP.KL,Pineapple Resources Bhd.,Distribution Services,stock,common,MYX
MPSOL.KL,MPSOL,MYX:MPSOL,MYX,MPSOL,MPSOL.KL,Matrix Parking Solution Holdings Bhd,Consumer Services,stock,common,MYX
INNITY.KL,INNITY,MYX:INNITY,MYX,INNITY,INNITY.KL,Innity Corp. Bhd.,Commercial Services,stock,common,MYX
RGS.KL,RGS,MYX:RGS,MYX,RGS,RGS.KL,Ray Go Solar Holdings Bhd.,Industrial Services,stock,common,MYX
QUALITY.KL,QUALITY,MYX:QUALITY,MYX,QUALITY,QUALITY.KL,Quality Concrete Holdings Bhd.,Non-Energy Minerals,stock,common,MYX
GOPENG.KL,GOPENG,MYX:GOPENG,MYX,GOPENG,GOPENG.KL,Gopeng Bhd.,Process Industries,stock,common,MYX
IQGROUP.KL,IQGROUP,MYX:IQGROUP,MYX,IQGROUP,IQGROUP.KL,IQ Group Holdings Bhd.,Electronic Technology,stock,common,MYX
MAXIM.KL,MAXIM,MYX:MAXIM,MYX,MAXIM,MAXIM.KL,Maxim Global Bhd.,Non-Energy Minerals,stock,common,MYX
FARLIM.KL,FARLIM,MYX:FARLIM,MYX,FARLIM,FARLIM.KL,Farlim Group (Malaysia) Bhd.,Finance,stock,common,MYX
IHB.KL,IHB,MYX:IHB,MYX,IHB,IHB.KL,Infraharta Holdings Bhd.,Consumer Durables,stock,common,MYX
1TECH.KL,1TECH,MYX:1TECH,MYX,1TECH,1TECH.KL,OneTech Solutions Holdings Bhd.,Technology Services,stock,common,MYX
PARKWD.KL,PARKWD,MYX:PARKWD,MYX,PARKWD,PARKWD.KL,Parkwood Holdings Bhd.,Finance,stock,common,MYX
OSKVI.KL,OSKVI,MYX:OSKVI,MYX,OSKVI,OSKVI.KL,OSK Ventures International Bhd.,Miscellaneous,stock,common,MYX
SBH.KL,SBH,MYX:SBH,MYX,SBH,SBH.KL,SBH Marine Holdings Bhd.,Consumer Non-Durables,stock,common,MYX
ASTRA.KL,ASTRA,MYX:ASTRA,MYX,ASTRA,ASTRA.KL,Astramina Group Bhd.,Consumer Non-Durables,stock,common,MYX
GPP.KL,GPP,MYX:GPP,MYX,GPP,GPP.KL,GPP Resources Bhd.,Process Industries,stock,common,MYX
ASIABRN.KL,ASIABRN,MYX:ASIABRN,MYX,ASIABRN,ASIABRN.KL,Asia Brands Bhd.,Distribution Services,stock,common,MYX
CROESUS.KL,CROESUS,MYX:CROESUS,MYX,CROESUS,CROESUS.KL,Croesus IT Holdings Berhad,Technology Services,stock,common,MYX
BRIGHT.KL,BRIGHT,MYX:BRIGHT,MYX,BRIGHT,BRIGHT.KL,Bright Packaging Industry Bhd.,Process Industries,stock,common,MYX
ETH.KL,ETH,MYX:ETH,MYX,ETH,ETH.KL,EquitiesTracker Holdings Bhd.,Technology Services,stock,common,MYX
DAY3.KL,DAY3,MYX:DAY3,MYX,DAY3,DAY3.KL,Daythree Digital Bhd,Commercial Services,stock,common,MYX
CLOUD.KL,CLOUD,MYX:CLOUD,MYX,CLOUD,CLOUD.KL,Cloudaron Group Bhd.,Technology Services,stock,common,MYX
